,Unnamed: 0,categories_alias,categories_title,id,alias,name,image_url,is_claimed,is_closed,url,phone,display_phone,review_count,rating,location,coordinates,photos,hours
0,0,chiropractors,Chiropractors,4mDnxk4oezRMlVUXo5MJ8A,holmes-chiropractic-american-fork,Holmes Chiropractic,https://s3-media2.fl.yelpcdn.com/bphoto/DAa4iV5f-q_xMx-i3P3UDw/o.jpg,True,False,https://www.yelp.com/biz/holmes-chiropractic-american-fork?adjust_creative=hE8bi2YODO-vfPOp0t5Rkw&utm_campaign=yelp_api_v3&utm_medium=api_v3_business_lookup&utm_source=hE8bi2YODO-vfPOp0t5Rkw,18016921027,(801) 692-1027,9,5.0,"{'address1': '477 W 30th N', 'address2': None, 'address3': '', 'city': 'American Fork', 'zip_code': '84003', 'country': 'US', 'state': 'UT', 'display_address': ['477 W 30th N', 'American Fork, UT 84003'], 'cross_streets': ''}","{'latitude': 40.3774, 'longitude': -111.81147}","['https://s3-media2.fl.yelpcdn.com/bphoto/DAa4iV5f-q_xMx-i3P3UDw/o.jpg', 'https://s3-media2.fl.yelpcdn.com/bphoto/2XkeT3HbTL5OqwSD17TcKg/o.jpg', 'https://s3-media2.fl.yelpcdn.com/bphoto/03Dq6Mm6KWwkhpz6KECb0A/o.jpg']","[{'open': [{'is_overnight': False, 'start': '0800', 'end': '1200', 'day': 0}, {'is_overnight': False, 'start': '1400', 'end': '1800', 'day': 0}, {'is_overnight': False, 'start': '0800', 'end': '1200', 'day': 2}, {'is_overnight': False, 'start': '1400', 'end': '1800', 'day': 2}, {'is_overnight': False, 'start': '0800', 'end': '1200', 'day': 4}, {'is_overnight': False, 'start': '1400', 'end': '1800', 'day': 4}], 'hours_type': 'REGULAR', 'is_open_now': True}]"
1,1,chiropractors,Chiropractors,iwMe9XYxb5cP1QdJxSlSuA,utah-chiropractic-and-rehab-american-fork,Utah Chiropractic and Rehab,https://s3-media1.fl.yelpcdn.com/bphoto/iAmXwMNdfzk-X4UXH9HNbA/o.jpg,True,False,https://www.yelp.com/biz/utah-chiropractic-and-rehab-american-fork?adjust_creative=hE8bi2YODO-vfPOp0t5Rkw&utm_campaign=yelp_api_v3&utm_medium=api_v3_business_lookup&utm_source=hE8bi2YODO-vfPOp0t5Rkw,18016923231,(801) 692-3231,3,5.0,"{'address1': '321 E 300th N', 'address2': 'Ste B', 'address3': '', 'city': 'American Fork', 'zip_code': '84003', 'country': 'US', 'state': 'UT', 'display_address': ['321 E 300th N', 'Ste B', 'American Fork, UT 84003'], 'cross_streets': ''}","{'latitude': 40.38335, 'longitude': -111.789825}","['https://s3-media1.fl.yelpcdn.com/bphoto/iAmXwMNdfzk-X4UXH9HNbA/o.jpg', 'https://s3-media1.fl.yelpcdn.com/bphoto/YoofBhB0bJkZLeCihMYtpQ/o.jpg']","[{'open': [{'is_overnight': False, 'start': '0900', 'end': '1800', 'day': 0}, {'is_overnight': False, 'start': '0900', 'end': '1800', 'day': 1}, {'is_overnight': False, 'start': '0900', 'end': '1800', 'day': 2}, {'is_overnight': False, 'start': '0900', 'end': '1800', 'day': 3}, {'is_overnight': False, 'start': '0900', 'end': '1800', 'day': 4}], 'hours_type': 'REGULAR', 'is_open_now': True}]"
2,2,massage_therapy,Massage Therapy,iwMe9XYxb5cP1QdJxSlSuA,utah-chiropractic-and-rehab-american-fork,Utah Chiropractic and Rehab,https://s3-media1.fl.yelpcdn.com/bphoto/iAmXwMNdfzk-X4UXH9HNbA/o.jpg,True,False,https://www.yelp.com/biz/utah-chiropractic-and-rehab-american-fork?adjust_creative=hE8bi2YODO-vfPOp0t5Rkw&utm_campaign=yelp_api_v3&utm_medium=api_v3_business_lookup&utm_source=hE8bi2YODO-vfPOp0t5Rkw,18016923231,(801) 692-3231,3,5.0,"{'address1': '321 E 300th N', 'address2': 'Ste B', 'address3': '', 'city': 'American Fork', 'zip_code': '84003', 'country': 'US', 'state': 'UT', 'display_address': ['321 E 300th N', 'Ste B', 'American Fork, UT 84003'], 'cross_streets': ''}","{'latitude': 40.38335, 'longitude': -111.789825}","['https://s3-media1.fl.yelpcdn.com/bphoto/iAmXwMNdfzk-X4UXH9HNbA/o.jpg', 'https://s3-media1.fl.yelpcdn.com/bphoto/YoofBhB0bJkZLeCihMYtpQ/o.jpg']","[{'open': [{'is_overnight': False, 'start': '0900', 'end': '1800', 'day': 0}, {'is_overnight': False, 'start': '0900', 'end': '1800', 'day': 1}, {'is_overnight': False, 'start': '0900', 'end': '1800', 'day': 2}, {'is_overnight': False, 'start': '0900', 'end': '1800', 'day': 3}, {'is_overnight': False, 'start': '0900', 'end': '1800', 'day': 4}], 'hours_type': 'REGULAR', 'is_open_now': True}]"
3,3,chiropractors,Chiropractors,jXVU7lOuGYg3B374jIM6oA,jay-grant-american-fork-chiropractic-american-fork,Jay Grant - American Fork Chiropractic,https://s3-media2.fl.yelpcdn.com/bphoto/PwndKkSCKSzQ_vFqWGoICg/o.jpg,True,False,https://www.yelp.com/biz/jay-grant-american-fork-chiropractic-american-fork?adjust_creative=hE8bi2YODO-vfPOp0t5Rkw&utm_campaign=yelp_api_v3&utm_medium=api_v3_business_lookup&utm_source=hE8bi2YODO-vfPOp0t5Rkw,18017566868,(801) 756-6868,4,5.0,"{'address1': '201 W Main St', 'address2': '', 'address3': '', 'city': 'American Fork', 'zip_code': '84003', 'country': 'US', 'state': 'UT', 'display_address': ['201 W Main St', 'American Fork, UT 84003'], 'cross_streets': ''}","{'latitude': 40.3765824, 'longitude': -111.8042019}","['https://s3-media2.fl.yelpcdn.com/bphoto/PwndKkSCKSzQ_vFqWGoICg/o.jpg', 'https://s3-media4.fl.yelpcdn.com/bphoto/tcLUbBkHBq0YaGBXZDwnCQ/o.jpg', 'https://s3-media1.fl.yelpcdn.com/bphoto/a491NEn1kHs0T6bVsI5WbQ/o.jpg']","[{'open': [{'is_overnight': False, 'start': '1300', 'end': '1700', 'day': 0}, {'is_overnight': False, 'start': '0930', 'end': '1700', 'day': 1}, {'is_overnight': False, 'start': '1300', 'end': '1700', 'day': 2}, {'is_overnight': False, 'start': '0930', 'end': '1700', 'day': 3}, {'is_overnight': False, 'start': '1300', 'end': '1700', 'day': 4}, {'is_overnight': False, 'start': '0930', 'end': '1700', 'day': 5}], 'hours_type': 'REGULAR', 'is_open_now': False}]"
4,4,chiropractors,Chiropractors,9M-crQNhIPEpLybIFutuVQ,gunn-chiropractic-american-fork-2,Gunn Chiropractic,https://s3-media1.fl.yelpcdn.com/bphoto/AH4QQqrK9oNKbhd_vBVCYw/o.jpg,True,False,https://www.yelp.com/biz/gunn-chiropractic-american-fork-2?adjust_creative=hE8bi2YODO-vfPOp0t5Rkw&utm_campaign=yelp_api_v3&utm_medium=api_v3_business_lookup&utm_source=hE8bi2YODO-vfPOp0t5Rkw,18014928188,(801) 492-8188,4,5.0,"{'address1': '340 W Main St', 'address2': None, 'address3': None, 'city': 'American Fork', 'zip_code': '84003', 'country': 'US', 'state': 'UT', 'display_address': ['340 W Main St', 'American Fork, UT 84003'], 'cross_streets': ''}","{'latitude': 40.3770017, 'longitude': -111.8074654}","['https://s3-media1.fl.yelpcdn.com/bphoto/AH4QQqrK9oNKbhd_vBVCYw/o.jpg', 'https://s3-media1.fl.yelpcdn.com/bphoto/koe2yLudWYKaiiSBk2p1PQ/o.jpg', 'https://s3-media3.fl.yelpcdn.com/bphoto/Ksn0Dgcgndk5UaYB-XxlEQ/o.jpg']","[{'open': [{'is_overnight': False, 'start': '0800', 'end': '1800', 'day': 0}, {'is_overnight': False, 'start': '0800', 'end': '1800', 'day': 1}, {'is_overnight': False, 'start': '0900', 'end': '1300', 'day': 2}, {'is_overnight': False, 'start': '0800', 'end': '1800', 'day': 3}, {'is_overnight': False, 'start': '0800', 'end': '1300', 'day': 4}], 'hours_type': 'REGULAR', 'is_open_now': True}]"
5,5,massage_therapy,Massage Therapy,9M-crQNhIPEpLybIFutuVQ,gunn-chiropractic-american-fork-2,Gunn Chiropractic,https://s3-media1.fl.yelpcdn.com/bphoto/AH4QQqrK9oNKbhd_vBVCYw/o.jpg,True,False,https://www.yelp.com/biz/gunn-chiropractic-american-fork-2?adjust_creative=hE8bi2YODO-vfPOp0t5Rkw&utm_campaign=yelp_api_v3&utm_medium=api_v3_business_lookup&utm_source=hE8bi2YODO-vfPOp0t5Rkw,18014928188,(801) 492-8188,4,5.0,"{'address1': '340 W Main St', 'address2': None, 'address3': None, 'city': 'American Fork', 'zip_code': '84003', 'country': 'US', 'state': 'UT', 'display_address': ['340 W Main St', 'American Fork, UT 84003'], 'cross_streets': ''}","{'latitude': 40.3770017, 'longitude': -111.8074654}","['https://s3-media1.fl.yelpcdn.com/bphoto/AH4QQqrK9oNKbhd_vBVCYw/o.jpg', 'https://s3-media1.fl.yelpcdn.com/bphoto/koe2yLudWYKaiiSBk2p1PQ/o.jpg', 'https://s3-media3.fl.yelpcdn.com/bphoto/Ksn0Dgcgndk5UaYB-XxlEQ/o.jpg']","[{'open': [{'is_overnight': False, 'start': '0800', 'end': '1800', 'day': 0}, {'is_overnight': False, 'start': '0800', 'end': '1800', 'day': 1}, {'is_overnight': False, 'start': '0900', 'end': '1300', 'day': 2}, {'is_overnight': False, 'start': '0800', 'end': '1800', 'day': 3}, {'is_overnight': False, 'start': '0800', 'end': '1300', 'day': 4}], 'hours_type': 'REGULAR', 'is_open_now': True}]"
6,6,chiropractors,Chiropractors,n-RsdhfWp912-_hgFA_bqg,american-fork-chiropractic-and-wellness-center-american-fork,American Fork Chiropractic and Wellness Center,https://s3-media3.fl.yelpcdn.com/bphoto/RA6CMcURXYDa-Z9furXc7w/o.jpg,False,False,https://www.yelp.com/biz/american-fork-chiropractic-and-wellness-center-american-fork?adjust_creative=hE8bi2YODO-vfPOp0t5Rkw&utm_campaign=yelp_api_v3&utm_medium=api_v3_business_lookup&utm_source=hE8bi2YODO-vfPOp0t5Rkw,18017560111,(801) 756-0111,1,5.0,"{'address1': '495 W 30th N', 'address2': '', 'address3': '', 'city': 'American Fork', 'zip_code': '84003', 'country': 'US', 'state': 'UT', 'display_address': ['495 W 30th N', 'American Fork, UT 84003'], 'cross_streets': ''}","{'latitude': 40.3775, 'longitude': -111.8117}",['https://s3-media3.fl.yelpcdn.com/bphoto/RA6CMcURXYDa-Z9furXc7w/o.jpg'],"[{'open': [{'is_overnight': True, 'start': '0000', 'end': '0000', 'day': 0}, {'is_overnight': True, 'start': '0000', 'end': '0000', 'day': 1}, {'is_overnight': True, 'start': '0000', 'end': '0000', 'day': 2}, {'is_overnight': True, 'start': '0000', 'end': '0000', 'day': 3}, {'is_overnight': True, 'start': '0000', 'end': '0000', 'day': 4}, {'is_overnight': True, 'start': '0000', 'end': '0000', 'day': 5}, {'is_overnight': True, 'start': '0000', 'end': '0000', 'day': 6}], 'hours_type': 'REGULAR', 'is_open_now': True}]"
7,7,chiropractors,Chiropractors,6SdPuy80xUHaeO3odnmzFw,rekover-chiropractic-center-american-fork,Rekover Chiropractic Center,https://s3-media2.fl.yelpcdn.com/bphoto/zSoY3WpIHLoHKivhRZoKbw/o.jpg,True,False,https://www.yelp.com/biz/rekover-chiropractic-center-american-fork?adjust_creative=hE8bi2YODO-vfPOp0t5Rkw&utm_campaign=yelp_api_v3&utm_medium=api_v3_business_lookup&utm_source=hE8bi2YODO-vfPOp0t5Rkw,18018556101,(801) 855-6101,6,4.5,"{'address1': '17 N Merchant St', 'address2': 'Ste 3', 'address3': None, 'city': 'American Fork', 'zip_code': '84003', 'country': 'US', 'state': 'UT', 'display_address': ['17 N Merchant St', 'Ste 3', 'American Fork, UT 84003'], 'cross_streets': ''}","{'latitude': 40.377364, 'longitude': -111.799495}","['https://s3-media2.fl.yelpcdn.com/bphoto/zSoY3WpIHLoHKivhRZoKbw/o.jpg', 'https://s3-media3.fl.yelpcdn.com/bphoto/FLAUJppdsv7ptPH0S5Kvkw/o.jpg', 'https://s3-media3.fl.yelpcdn.com/bphoto/CIT7MlyOSUzdmkMd0iMj-w/o.jpg']","[{'open': [{'is_overnight': False, 'start': '0900', 'end': '1830', 'day': 0}, {'is_overnight': False, 'start': '1400', 'end': '1900', 'day': 1}, {'is_overnight': False, 'start': '0900', 'end': '1830', 'day': 2}, {'is_overnight': False, 'start': '0900', 'end': '1400', 'day': 3}, {'is_overnight': False, 'start': '0900', 'end': '1830', 'day': 4}, {'is_overnight': False, 'start': '1100', 'end': '1500', 'day': 5}, {'is_overnight': False, 'start': '1100', 'end': '1500', 'day': 6}], 'hours_type': 'REGULAR', 'is_open_now': True}]"
8,8,sportsmed,Sports Medicine,6SdPuy80xUHaeO3odnmzFw,rekover-chiropractic-center-american-fork,Rekover Chiropractic Center,https://s3-media2.fl.yelpcdn.com/bphoto/zSoY3WpIHLoHKivhRZoKbw/o.jpg,True,False,https://www.yelp.com/biz/rekover-chiropractic-center-american-fork?adjust_creative=hE8bi2YODO-vfPOp0t5Rkw&utm_campaign=yelp_api_v3&utm_medium=api_v3_business_lookup&utm_source=hE8bi2YODO-vfPOp0t5Rkw,18018556101,(801) 855-6101,6,4.5,"{'address1': '17 N Merchant St', 'address2': 'Ste 3', 'address3': None, 'city': 'American Fork', 'zip_code': '84003', 'country': 'US', 'state': 'UT', 'display_address': ['17 N Merchant St', 'Ste 3', 'American Fork, UT 84003'], 'cross_streets': ''}","{'latitude': 40.377364, 'longitude': -111.799495}","['https://s3-media2.fl.yelpcdn.com/bphoto/zSoY3WpIHLoHKivhRZoKbw/o.jpg', 'https://s3-media3.fl.yelpcdn.com/bphoto/FLAUJppdsv7ptPH0S5Kvkw/o.jpg', 'https://s3-media3.fl.yelpcdn.com/bphoto/CIT7MlyOSUzdmkMd0iMj-w/o.jpg']","[{'open': [{'is_overnight': False, 'start': '0900', 'end': '1830', 'day': 0}, {'is_overnight': False, 'start': '1400', 'end': '1900', 'day': 1}, {'is_overnight': False, 'start': '0900', 'end': '1830', 'day': 2}, {'is_overnight': False, 'start': '0900', 'end': '1400', 'day': 3}, {'is_overnight': False, 'start': '0900', 'end': '1830', 'day': 4}, {'is_overnight': False, 'start': '1100', 'end': '1500', 'day': 5}, {'is_overnight': False, 'start': '1100', 'end': '1500', 'day': 6}], 'hours_type': 'REGULAR', 'is_open_now': True}]"
9,9,chiropractors,Chiropractors,UkRNXUq9eLfduVQCS8snWg,spinal-rehab-of-north-county-pleasant-grove,Spinal Rehab of North County,https://s3-media1.fl.yelpcdn.com/bphoto/Qn_2DxweEOnOkndCIr_2vg/o.jpg,True,False,https://www.yelp.com/biz/spinal-rehab-of-north-county-pleasant-grove?adjust_creative=hE8bi2YODO-vfPOp0t5Rkw&utm_campaign=yelp_api_v3&utm_medium=api_v3_business_lookup&utm_source=hE8bi2YODO-vfPOp0t5Rkw,18014929300,(801) 492-9300,3,5.0,"{'address1': '1988 W 930th N', 'address2': None, 'address3': None, 'city': 'Pleasant Grove', 'zip_code': '84062', 'country': 'US', 'state': 'UT', 'display_address': ['1988 W 930th N', 'Pleasant Grove, UT 84062'], 'cross_streets': ''}","{'latitude': 40.37398, 'longitude': -111.76862}","['https://s3-media1.fl.yelpcdn.com/bphoto/Qn_2DxweEOnOkndCIr_2vg/o.jpg', 'https://s3-media4.fl.yelpcdn.com/bphoto/0uEKhpYX9bkO4De0jLbgKA/o.jpg', 'https://s3-media1.fl.yelpcdn.com/bphoto/RBcofJP3Kzx7qSihBDtQoA/o.jpg']","[{'open': [{'is_overnight': False, 'start': '0830', 'end': '1800', 'day': 0}, {'is_overnight': False, 'start': '0830', 'end': '1800', 'day': 1}, {'is_overnight': False, 'start': '0830', 'end': '1600', 'day': 2}, {'is_overnight': False, 'start': '0830', 'end': '1800', 'day': 3}, {'is_overnight': False, 'start': '0830', 'end': '1400', 'day': 4}], 'hours_type': 'REGULAR', 'is_open_now': True}]"
10,10,chiropractors,Chiropractors,8s4j-QmfgaRL5ls1DPNIJg,doc-rock-stone-chiropractic-american-fork,Doc Rock Stone Chiropractic,https://s3-media1.fl.yelpcdn.com/bphoto/jWGiTq7aYwSa5pt10jmpHA/o.jpg,True,False,https://www.yelp.com/biz/doc-rock-stone-chiropractic-american-fork?adjust_creative=hE8bi2YODO-vfPOp0t5Rkw&utm_campaign=yelp_api_v3&utm_medium=api_v3_business_lookup&utm_source=hE8bi2YODO-vfPOp0t5Rkw,18017850788,(801) 785-0788,3,5.0,"{'address1': '1042 E Bamberger Dr', 'address2': '', 'address3': '', 'city': 'American Fork', 'zip_code': '84003', 'country': 'US', 'state': 'UT', 'display_address': ['1042 E Bamberger Dr', 'American Fork, UT 84003'], 'cross_streets': ''}","{'latitude': 40.3719315, 'longitude': -111.7707301}","['https://s3-media1.fl.yelpcdn.com/bphoto/jWGiTq7aYwSa5pt10jmpHA/o.jpg', 'https://s3-media2.fl.yelpcdn.com/bphoto/U9stbYTF31qNyWOKuv_C6g/o.jpg', 'https://s3-media2.fl.yelpcdn.com/bphoto/XbrrFFQOLB6jAL9kY9RubQ/o.jpg']","[{'open': [{'is_overnight': False, 'start': '0800', 'end': '1800', 'day': 0}, {'is_overnight': False, 'start': '1500', 'end': '1800', 'day': 1}, {'is_overnight': False, 'start': '0800', 'end': '1800', 'day': 2}, {'is_overnight': False, 'start': '0800', 'end': '1800', 'day': 3}], 'hours_type': 'REGULAR', 'is_open_now': True}]"
11,11,acupuncture,Acupuncture,8s4j-QmfgaRL5ls1DPNIJg,doc-rock-stone-chiropractic-american-fork,Doc Rock Stone Chiropractic,https://s3-media1.fl.yelpcdn.com/bphoto/jWGiTq7aYwSa5pt10jmpHA/o.jpg,True,False,https://www.yelp.com/biz/doc-rock-stone-chiropractic-american-fork?adjust_creative=hE8bi2YODO-vfPOp0t5Rkw&utm_campaign=yelp_api_v3&utm_medium=api_v3_business_lookup&utm_source=hE8bi2YODO-vfPOp0t5Rkw,18017850788,(801) 785-0788,3,5.0,"{'address1': '1042 E Bamberger Dr', 'address2': '', 'address3': '', 'city': 'American Fork', 'zip_code': '84003', 'country': 'US', 'state': 'UT', 'display_address': ['1042 E Bamberger Dr', 'American Fork, UT 84003'], 'cross_streets': ''}","{'latitude': 40.3719315, 'longitude': -111.7707301}","['https://s3-media1.fl.yelpcdn.com/bphoto/jWGiTq7aYwSa5pt10jmpHA/o.jpg', 'https://s3-media2.fl.yelpcdn.com/bphoto/U9stbYTF31qNyWOKuv_C6g/o.jpg', 'https://s3-media2.fl.yelpcdn.com/bphoto/XbrrFFQOLB6jAL9kY9RubQ/o.jpg']","[{'open': [{'is_overnight': False, 'start': '0800', 'end': '1800', 'day': 0}, {'is_overnight': False, 'start': '1500', 'end': '1800', 'day': 1}, {'is_overnight': False, 'start': '0800', 'end': '1800', 'day': 2}, {'is_overnight': False, 'start': '0800', 'end': '1800', 'day': 3}], 'hours_type': 'REGULAR', 'is_open_now': True}]"
12,12,physicaltherapy,Physical Therapy,8s4j-QmfgaRL5ls1DPNIJg,doc-rock-stone-chiropractic-american-fork,Doc Rock Stone Chiropractic,https://s3-media1.fl.yelpcdn.com/bphoto/jWGiTq7aYwSa5pt10jmpHA/o.jpg,True,False,https://www.yelp.com/biz/doc-rock-stone-chiropractic-american-fork?adjust_creative=hE8bi2YODO-vfPOp0t5Rkw&utm_campaign=yelp_api_v3&utm_medium=api_v3_business_lookup&utm_source=hE8bi2YODO-vfPOp0t5Rkw,18017850788,(801) 785-0788,3,5.0,"{'address1': '1042 E Bamberger Dr', 'address2': '', 'address3': '', 'city': 'American Fork', 'zip_code': '84003', 'country': 'US', 'state': 'UT', 'display_address': ['1042 E Bamberger Dr', 'American Fork, UT 84003'], 'cross_streets': ''}","{'latitude': 40.3719315, 'longitude': -111.7707301}","['https://s3-media1.fl.yelpcdn.com/bphoto/jWGiTq7aYwSa5pt10jmpHA/o.jpg', 'https://s3-media2.fl.yelpcdn.com/bphoto/U9stbYTF31qNyWOKuv_C6g/o.jpg', 'https://s3-media2.fl.yelpcdn.com/bphoto/XbrrFFQOLB6jAL9kY9RubQ/o.jpg']","[{'open': [{'is_overnight': False, 'start': '0800', 'end': '1800', 'day': 0}, {'is_overnight': False, 'start': '1500', 'end': '1800', 'day': 1}, {'is_overnight': False, 'start': '0800', 'end': '1800', 'day': 2}, {'is_overnight': False, 'start': '0800', 'end': '1800', 'day': 3}], 'hours_type': 'REGULAR', 'is_open_now': True}]"
13,13,chiropractors,Chiropractors,w29CYgVF2paHRVCSXp48aw,the-joint-chiropractic-american-fork-2,The Joint Chiropractic,https://s3-media3.fl.yelpcdn.com/bphoto/7NxS9sX3swsrZP_YiFSFCQ/o.jpg,True,False,https://www.yelp.com/biz/the-joint-chiropractic-american-fork-2?adjust_creative=hE8bi2YODO-vfPOp0t5Rkw&utm_campaign=yelp_api_v3&utm_medium=api_v3_business_lookup&utm_source=hE8bi2YODO-vfPOp0t5Rkw,18014067912,(801) 406-7912,8,3.0,"{'address1': '356 N 750th W', 'address2': 'Unit D-1', 'address3': '', 'city': 'American Fork', 'zip_code': '84003', 'country': 'US', 'state': 'UT', 'display_address': ['356 N 750th W', 'Unit D-1', 'American Fork, UT 84003'], 'cross_streets': ''}","{'latitude': 40.3841044706967, 'longitude': -111.81875900214054}","['https://s3-media3.fl.yelpcdn.com/bphoto/7NxS9sX3swsrZP_YiFSFCQ/o.jpg', 'https://s3-media3.fl.yelpcdn.com/bphoto/Ud-maWnmsFfRA5BzKHAykA/o.jpg', 'https://s3-media1.fl.yelpcdn.com/bphoto/sbyg-cJrnhEFmeqlJF7FsQ/o.jpg']","[{'open': [{'is_overnight': False, 'start': '1000', 'end': '1400', 'day': 0}, {'is_overnight': False, 'start': '1445', 'end': '1900', 'day': 0}, {'is_overnight': False, 'start': '1000', 'end': '1400', 'day': 1}, {'is_overnight': False, 'start': '1445', 'end': '1900', 'day': 1}, {'is_overnight': False, 'start': '1000', 'end': '1400', 'day': 2}, {'is_overnight': False, 'start': '1445', 'end': '1900', 'day': 2}, {'is_overnight': False, 'start': '1000', 'end': '1400', 'day': 3}, {'is_overnight': False, 'start': '1445', 'end': '1900', 'day': 3}, {'is_overnight': False, 'start': '1000', 'end': '1400', 'day': 4}, {'is_overnight': False, 'start': '1445', 'end': '1900', 'day': 4}, {'is_overnight': False, 'start': '1000', 'end': '1600', 'day': 5}], 'hours_type': 'REGULAR', 'is_open_now': True}]"
14,14,chiropractors,Chiropractors,RN5VDP5WhNc3GEt2gWgsOQ,lehi-chiropractic-lehi,Lehi Chiropractic,https://s3-media1.fl.yelpcdn.com/bphoto/T-jKw9Pr2zmafzJP1Wvd7w/o.jpg,True,False,https://www.yelp.com/biz/lehi-chiropractic-lehi?adjust_creative=hE8bi2YODO-vfPOp0t5Rkw&utm_campaign=yelp_api_v3&utm_medium=api_v3_business_lookup&utm_source=hE8bi2YODO-vfPOp0t5Rkw,18016532900,(801) 653-2900,10,4.0,"{'address1': '72 W Main St', 'address2': None, 'address3': None, 'city': 'Lehi', 'zip_code': '84043', 'country': 'US', 'state': 'UT', 'display_address': ['72 W Main St', 'Lehi, UT 84043'], 'cross_streets': ''}","{'latitude': 40.3878423, 'longitude': -111.8508496}","['https://s3-media1.fl.yelpcdn.com/bphoto/T-jKw9Pr2zmafzJP1Wvd7w/o.jpg', 'https://s3-media3.fl.yelpcdn.com/bphoto/435l1L0POax9NtosIaKRfg/o.jpg', 'https://s3-media4.fl.yelpcdn.com/bphoto/0WsYO8ql8UFG2-cbk7wTQA/o.jpg']","[{'open': [{'is_overnight': False, 'start': '0830', 'end': '1300', 'day': 0}, {'is_overnight': False, 'start': '1500', 'end': '1800', 'day': 0}, {'is_overnight': False, 'start': '0830', 'end': '1300', 'day': 2}, {'is_overnight': False, 'start': '1500', 'end': '1800', 'day': 2}, {'is_overnight': False, 'start': '0830', 'end': '1300', 'day': 3}, {'is_overnight': False, 'start': '1500', 'end': '1800', 'day': 3}, {'is_overnight': False, 'start': '0830', 'end': '1300', 'day': 4}, {'is_overnight': False, 'start': '1500', 'end': '1800', 'day': 4}], 'hours_type': 'REGULAR', 'is_open_now': True}]"
15,15,chiropractors,Chiropractors,aJoF3qqgFg3ar171Cod4_A,axcess-accident-center-american-fork-american-fork-2,Axcess Accident Center - American Fork,https://s3-media1.fl.yelpcdn.com/bphoto/LyCG0PqDISmlKbrIOnwblg/o.jpg,True,False,https://www.yelp.com/biz/axcess-accident-center-american-fork-american-fork-2?adjust_creative=hE8bi2YODO-vfPOp0t5Rkw&utm_campaign=yelp_api_v3&utm_medium=api_v3_business_lookup&utm_source=hE8bi2YODO-vfPOp0t5Rkw,18017638813,(801) 763-8813,5,4.0,"{'address1': '95 E 200 N St', 'address2': None, 'address3': '', 'city': 'American Fork', 'zip_code': '84003', 'country': 'US', 'state': 'UT', 'display_address': ['95 E 200 N St', 'American Fork, UT 84003'], 'cross_streets': ''}","{'latitude': 40.3812307, 'longitude': -111.796298}","['https://s3-media1.fl.yelpcdn.com/bphoto/LyCG0PqDISmlKbrIOnwblg/o.jpg', 'https://s3-media3.fl.yelpcdn.com/bphoto/QWvoTvcsWBA4zrzcf6ZduA/o.jpg', 'https://s3-media2.fl.yelpcdn.com/bphoto/DZP4W8cWsd6XHxdFlxkvVQ/o.jpg']","[{'open': [{'is_overnight': False, 'start': '0900', 'end': '1830', 'day': 0}, {'is_overnight': False, 'start': '1400', 'end': '1800', 'day': 1}, {'is_overnight': False, 'start': '0900', 'end': '1830', 'day': 2}, {'is_overnight': False, 'start': '1400', 'end': '1800', 'day': 3}, {'is_overnight': False, 'start': '0900', 'end': '1830', 'day': 4}], 'hours_type': 'REGULAR', 'is_open_now': True}]"
16,16,massage_therapy,Massage Therapy,aJoF3qqgFg3ar171Cod4_A,axcess-accident-center-american-fork-american-fork-2,Axcess Accident Center - American Fork,https://s3-media1.fl.yelpcdn.com/bphoto/LyCG0PqDISmlKbrIOnwblg/o.jpg,True,False,https://www.yelp.com/biz/axcess-accident-center-american-fork-american-fork-2?adjust_creative=hE8bi2YODO-vfPOp0t5Rkw&utm_campaign=yelp_api_v3&utm_medium=api_v3_business_lookup&utm_source=hE8bi2YODO-vfPOp0t5Rkw,18017638813,(801) 763-8813,5,4.0,"{'address1': '95 E 200 N St', 'address2': None, 'address3': '', 'city': 'American Fork', 'zip_code': '84003', 'country': 'US', 'state': 'UT', 'display_address': ['95 E 200 N St', 'American Fork, UT 84003'], 'cross_streets': ''}","{'latitude': 40.3812307, 'longitude': -111.796298}","['https://s3-media1.fl.yelpcdn.com/bphoto/LyCG0PqDISmlKbrIOnwblg/o.jpg', 'https://s3-media3.fl.yelpcdn.com/bphoto/QWvoTvcsWBA4zrzcf6ZduA/o.jpg', 'https://s3-media2.fl.yelpcdn.com/bphoto/DZP4W8cWsd6XHxdFlxkvVQ/o.jpg']","[{'open': [{'is_overnight': False, 'start': '0900', 'end': '1830', 'day': 0}, {'is_overnight': False, 'start': '1400', 'end': '1800', 'day': 1}, {'is_overnight': False, 'start': '0900', 'end': '1830', 'day': 2}, {'is_overnight': False, 'start': '1400', 'end': '1800', 'day': 3}, {'is_overnight': False, 'start': '0900', 'end': '1830', 'day': 4}], 'hours_type': 'REGULAR', 'is_open_now': True}]"
17,17,acupuncture,Acupuncture,aJoF3qqgFg3ar171Cod4_A,axcess-accident-center-american-fork-american-fork-2,Axcess Accident Center - American Fork,https://s3-media1.fl.yelpcdn.com/bphoto/LyCG0PqDISmlKbrIOnwblg/o.jpg,True,False,https://www.yelp.com/biz/axcess-accident-center-american-fork-american-fork-2?adjust_creative=hE8bi2YODO-vfPOp0t5Rkw&utm_campaign=yelp_api_v3&utm_medium=api_v3_business_lookup&utm_source=hE8bi2YODO-vfPOp0t5Rkw,18017638813,(801) 763-8813,5,4.0,"{'address1': '95 E 200 N St', 'address2': None, 'address3': '', 'city': 'American Fork', 'zip_code': '84003', 'country': 'US', 'state': 'UT', 'display_address': ['95 E 200 N St', 'American Fork, UT 84003'], 'cross_streets': ''}","{'latitude': 40.3812307, 'longitude': -111.796298}","['https://s3-media1.fl.yelpcdn.com/bphoto/LyCG0PqDISmlKbrIOnwblg/o.jpg', 'https://s3-media3.fl.yelpcdn.com/bphoto/QWvoTvcsWBA4zrzcf6ZduA/o.jpg', 'https://s3-media2.fl.yelpcdn.com/bphoto/DZP4W8cWsd6XHxdFlxkvVQ/o.jpg']","[{'open': [{'is_overnight': False, 'start': '0900', 'end': '1830', 'day': 0}, {'is_overnight': False, 'start': '1400', 'end': '1800', 'day': 1}, {'is_overnight': False, 'start': '0900', 'end': '1830', 'day': 2}, {'is_overnight': False, 'start': '1400', 'end': '1800', 'day': 3}, {'is_overnight': False, 'start': '0900', 'end': '1830', 'day': 4}], 'hours_type': 'REGULAR', 'is_open_now': True}]"
18,18,chiropractors,Chiropractors,3jzST3LNlXaYmxJvhj23zg,barrus-chiropractic-pleasant-grove,Barrus Chiropractic,https://s3-media4.fl.yelpcdn.com/bphoto/3jMO382o3g3fDRSsC0S7xg/o.jpg,True,False,https://www.yelp.com/biz/barrus-chiropractic-pleasant-grove?adjust_creative=hE8bi2YODO-vfPOp0t5Rkw&utm_campaign=yelp_api_v3&utm_medium=api_v3_business_lookup&utm_source=hE8bi2YODO-vfPOp0t5Rkw,18017562861,(801) 756-2861,3,5.0,"{'address1': '912 N 2000th W St', 'address2': '', 'address3': '', 'city': 'Pleasant Grove', 'zip_code': '84062', 'country': 'US', 'state': 'UT', 'display_address': ['912 N 2000th W St', 'Pleasant Grove, UT 84062'], 'cross_streets': ''}","{'latitude': 40.373562, 'longitude': -111.7687254}","['https://s3-media4.fl.yelpcdn.com/bphoto/3jMO382o3g3fDRSsC0S7xg/o.jpg', 'https://s3-media1.fl.yelpcdn.com/bphoto/AaMoVGz_1m-0TrKqqpF-Zg/o.jpg', 'https://s3-media1.fl.yelpcdn.com/bphoto/5Cjvs4d-r-8Hrzt34oBl5Q/o.jpg']","[{'open': [{'is_overnight': False, 'start': '0830', 'end': '1730', 'day': 0}, {'is_overnight': False, 'start': '1400', 'end': '1900', 'day': 1}, {'is_overnight': False, 'start': '0830', 'end': '1730', 'day': 2}, {'is_overnight': False, 'start': '1430', 'end': '1730', 'day': 3}, {'is_overnight': False, 'start': '0830', 'end': '1730', 'day': 4}, {'is_overnight': False, 'start': '0930', 'end': '1130', 'day': 5}], 'hours_type': 'REGULAR', 'is_open_now': False}]"
19,19,chiropractors,Chiropractors,g97OISpdtoCkM2cZTojtWA,full-motion-chiropractic-and-rehabilitation-lehi-5,Full Motion Chiropractic and Rehabilitation,https://s3-media1.fl.yelpcdn.com/bphoto/50Gkyx89O9FOjavSOZn-6A/o.jpg,True,False,https://www.yelp.com/biz/full-motion-chiropractic-and-rehabilitation-lehi-5?adjust_creative=hE8bi2YODO-vfPOp0t5Rkw&utm_campaign=yelp_api_v3&utm_medium=api_v3_business_lookup&utm_source=hE8bi2YODO-vfPOp0t5Rkw,13853232491,(385) 323-2491,8,5.0,"{'address1': '2901 Blue Grass Blvd', 'address2': 'Ste 200', 'address3': '', 'city': 'Lehi', 'zip_code': '84043', 'country': 'US', 'state': 'UT', 'display_address': ['2901 Blue Grass Blvd', 'Ste 200', 'Lehi, UT 84043'], 'cross_streets': ''}","{'latitude': 40.435209, 'longitude': -111.8958907}","['https://s3-media1.fl.yelpcdn.com/bphoto/50Gkyx89O9FOjavSOZn-6A/o.jpg', 'https://s3-media2.fl.yelpcdn.com/bphoto/vsBkjA-TfFxoBvPJ4eZ0bA/o.jpg', 'https://s3-media1.fl.yelpcdn.com/bphoto/U9b7_SqwBlyIwv6BoFKLpQ/o.jpg']","[{'open': [{'is_overnight': False, 'start': '0900', 'end': '1800', 'day': 0}, {'is_overnight': False, 'start': '0900', 'end': '1800', 'day': 1}, {'is_overnight': False, 'start': '0900', 'end': '1800', 'day': 2}, {'is_overnight': False, 'start': '0900', 'end': '1700', 'day': 3}, {'is_overnight': False, 'start': '0900', 'end': '1800', 'day': 4}], 'hours_type': 'REGULAR', 'is_open_now': True}]"
20,20,rehabilitation_center,Rehabilitation Center,g97OISpdtoCkM2cZTojtWA,full-motion-chiropractic-and-rehabilitation-lehi-5,Full Motion Chiropractic and Rehabilitation,https://s3-media1.fl.yelpcdn.com/bphoto/50Gkyx89O9FOjavSOZn-6A/o.jpg,True,False,https://www.yelp.com/biz/full-motion-chiropractic-and-rehabilitation-lehi-5?adjust_creative=hE8bi2YODO-vfPOp0t5Rkw&utm_campaign=yelp_api_v3&utm_medium=api_v3_business_lookup&utm_source=hE8bi2YODO-vfPOp0t5Rkw,13853232491,(385) 323-2491,8,5.0,"{'address1': '2901 Blue Grass Blvd', 'address2': 'Ste 200', 'address3': '', 'city': 'Lehi', 'zip_code': '84043', 'country': 'US', 'state': 'UT', 'display_address': ['2901 Blue Grass Blvd', 'Ste 200', 'Lehi, UT 84043'], 'cross_streets': ''}","{'latitude': 40.435209, 'longitude': -111.8958907}","['https://s3-media1.fl.yelpcdn.com/bphoto/50Gkyx89O9FOjavSOZn-6A/o.jpg', 'https://s3-media2.fl.yelpcdn.com/bphoto/vsBkjA-TfFxoBvPJ4eZ0bA/o.jpg', 'https://s3-media1.fl.yelpcdn.com/bphoto/U9b7_SqwBlyIwv6BoFKLpQ/o.jpg']","[{'open': [{'is_overnight': False, 'start': '0900', 'end': '1800', 'day': 0}, {'is_overnight': False, 'start': '0900', 'end': '1800', 'day': 1}, {'is_overnight': False, 'start': '0900', 'end': '1800', 'day': 2}, {'is_overnight': False, 'start': '0900', 'end': '1700', 'day': 3}, {'is_overnight': False, 'start': '0900', 'end': '1800', 'day': 4}], 'hours_type': 'REGULAR', 'is_open_now': True}]"
21,21,chiropractors,Chiropractors,t_gAKcObLs1zl2IaMaTdrA,freedom-square-chiropractic-american-fork,Freedom Square Chiropractic,https://s3-media4.fl.yelpcdn.com/bphoto/H67HHvWrrBy35KoFCAXwvw/o.jpg,True,False,https://www.yelp.com/biz/freedom-square-chiropractic-american-fork?adjust_creative=hE8bi2YODO-vfPOp0t5Rkw&utm_campaign=yelp_api_v3&utm_medium=api_v3_business_lookup&utm_source=hE8bi2YODO-vfPOp0t5Rkw,18017568833,(801) 756-8833,3,5.0,"{'address1': '246 S 1100th E', 'address2': None, 'address3': None, 'city': 'American Fork', 'zip_code': '84003', 'country': 'US', 'state': 'UT', 'display_address': ['246 S 1100th E', 'American Fork, UT 84003'], 'cross_streets': ''}","{'latitude': 40.371751, 'longitude': -111.7696756}","['https://s3-media4.fl.yelpcdn.com/bphoto/H67HHvWrrBy35KoFCAXwvw/o.jpg', 'https://s3-media2.fl.yelpcdn.com/bphoto/LKaCw6J7DteHyaXvQkVuWQ/o.jpg', 'https://s3-media1.fl.yelpcdn.com/bphoto/xI_3EzVHAT7HSm1wON11fA/o.jpg']","[{'open': [{'is_overnight': False, 'start': '0800', 'end': '1800', 'day': 0}, {'is_overnight': False, 'start': '0800', 'end': '1800', 'day': 1}, {'is_overnight': False, 'start': '0800', 'end': '1800', 'day': 2}, {'is_overnight': False, 'start': '0800', 'end': '1800', 'day': 3}, {'is_overnight': False, 'start': '0800', 'end': '1800', 'day': 4}], 'hours_type': 'REGULAR', 'is_open_now': True}]"
22,22,sportsmed,Sports Medicine,t_gAKcObLs1zl2IaMaTdrA,freedom-square-chiropractic-american-fork,Freedom Square Chiropractic,https://s3-media4.fl.yelpcdn.com/bphoto/H67HHvWrrBy35KoFCAXwvw/o.jpg,True,False,https://www.yelp.com/biz/freedom-square-chiropractic-american-fork?adjust_creative=hE8bi2YODO-vfPOp0t5Rkw&utm_campaign=yelp_api_v3&utm_medium=api_v3_business_lookup&utm_source=hE8bi2YODO-vfPOp0t5Rkw,18017568833,(801) 756-8833,3,5.0,"{'address1': '246 S 1100th E', 'address2': None, 'address3': None, 'city': 'American Fork', 'zip_code': '84003', 'country': 'US', 'state': 'UT', 'display_address': ['246 S 1100th E', 'American Fork, UT 84003'], 'cross_streets': ''}","{'latitude': 40.371751, 'longitude': -111.7696756}","['https://s3-media4.fl.yelpcdn.com/bphoto/H67HHvWrrBy35KoFCAXwvw/o.jpg', 'https://s3-media2.fl.yelpcdn.com/bphoto/LKaCw6J7DteHyaXvQkVuWQ/o.jpg', 'https://s3-media1.fl.yelpcdn.com/bphoto/xI_3EzVHAT7HSm1wON11fA/o.jpg']","[{'open': [{'is_overnight': False, 'start': '0800', 'end': '1800', 'day': 0}, {'is_overnight': False, 'start': '0800', 'end': '1800', 'day': 1}, {'is_overnight': False, 'start': '0800', 'end': '1800', 'day': 2}, {'is_overnight': False, 'start': '0800', 'end': '1800', 'day': 3}, {'is_overnight': False, 'start': '0800', 'end': '1800', 'day': 4}], 'hours_type': 'REGULAR', 'is_open_now': True}]"
23,23,massage_therapy,Massage Therapy,t_gAKcObLs1zl2IaMaTdrA,freedom-square-chiropractic-american-fork,Freedom Square Chiropractic,https://s3-media4.fl.yelpcdn.com/bphoto/H67HHvWrrBy35KoFCAXwvw/o.jpg,True,False,https://www.yelp.com/biz/freedom-square-chiropractic-american-fork?adjust_creative=hE8bi2YODO-vfPOp0t5Rkw&utm_campaign=yelp_api_v3&utm_medium=api_v3_business_lookup&utm_source=hE8bi2YODO-vfPOp0t5Rkw,18017568833,(801) 756-8833,3,5.0,"{'address1': '246 S 1100th E', 'address2': None, 'address3': None, 'city': 'American Fork', 'zip_code': '84003', 'country': 'US', 'state': 'UT', 'display_address': ['246 S 1100th E', 'American Fork, UT 84003'], 'cross_streets': ''}","{'latitude': 40.371751, 'longitude': -111.7696756}","['https://s3-media4.fl.yelpcdn.com/bphoto/H67HHvWrrBy35KoFCAXwvw/o.jpg', 'https://s3-media2.fl.yelpcdn.com/bphoto/LKaCw6J7DteHyaXvQkVuWQ/o.jpg', 'https://s3-media1.fl.yelpcdn.com/bphoto/xI_3EzVHAT7HSm1wON11fA/o.jpg']","[{'open': [{'is_overnight': False, 'start': '0800', 'end': '1800', 'day': 0}, {'is_overnight': False, 'start': '0800', 'end': '1800', 'day': 1}, {'is_overnight': False, 'start': '0800', 'end': '1800', 'day': 2}, {'is_overnight': False, 'start': '0800', 'end': '1800', 'day': 3}, {'is_overnight': False, 'start': '0800', 'end': '1800', 'day': 4}], 'hours_type': 'REGULAR', 'is_open_now': True}]"
24,24,chiropractors,Chiropractors,tEzBa6fQHf-u4iatXDdxTQ,andersen-chiropractic-lehi,Andersen Chiropractic,https://s3-media1.fl.yelpcdn.com/bphoto/lID9KQ3p71nF9BP3UVPk6A/o.jpg,False,False,https://www.yelp.com/biz/andersen-chiropractic-lehi?adjust_creative=hE8bi2YODO-vfPOp0t5Rkw&utm_campaign=yelp_api_v3&utm_medium=api_v3_business_lookup&utm_source=hE8bi2YODO-vfPOp0t5Rkw,18017682939,(801) 768-2939,3,4.5,"{'address1': '380 E Main St', 'address2': 'Ste E', 'address3': None, 'city': 'Lehi', 'zip_code': '84043', 'country': 'US', 'state': 'UT', 'display_address': ['380 E Main St', 'Ste E', 'Lehi, UT 84043'], 'cross_streets': ''}","{'latitude': 40.3877058, 'longitude': -111.8430601}",['https://s3-media1.fl.yelpcdn.com/bphoto/lID9KQ3p71nF9BP3UVPk6A/o.jpg'],
25,25,chiropractors,Chiropractors,a_ge7Io4KsZzyvWnfXMYkw,utah-spine-sport-pleasant-grove,Utah Spine + Sport,https://s3-media2.fl.yelpcdn.com/bphoto/5aO9iXC0PalndmW_2lJI3g/o.jpg,True,False,https://www.yelp.com/biz/utah-spine-sport-pleasant-grove?adjust_creative=hE8bi2YODO-vfPOp0t5Rkw&utm_campaign=yelp_api_v3&utm_medium=api_v3_business_lookup&utm_source=hE8bi2YODO-vfPOp0t5Rkw,18017099797,(801) 709-9797,10,5.0,"{'address1': '238 E State Rd', 'address2': 'Ste 11', 'address3': '', 'city': 'Pleasant Grove', 'zip_code': '84062', 'country': 'US', 'state': 'UT', 'display_address': ['238 E State Rd', 'Ste 11', 'Pleasant Grove, UT 84062'], 'cross_streets': ''}","{'latitude': 40.35628, 'longitude': -111.73771}",['https://s3-media2.fl.yelpcdn.com/bphoto/5aO9iXC0PalndmW_2lJI3g/o.jpg'],
26,26,acupuncture,Acupuncture,a_ge7Io4KsZzyvWnfXMYkw,utah-spine-sport-pleasant-grove,Utah Spine + Sport,https://s3-media2.fl.yelpcdn.com/bphoto/5aO9iXC0PalndmW_2lJI3g/o.jpg,True,False,https://www.yelp.com/biz/utah-spine-sport-pleasant-grove?adjust_creative=hE8bi2YODO-vfPOp0t5Rkw&utm_campaign=yelp_api_v3&utm_medium=api_v3_business_lookup&utm_source=hE8bi2YODO-vfPOp0t5Rkw,18017099797,(801) 709-9797,10,5.0,"{'address1': '238 E State Rd', 'address2': 'Ste 11', 'address3': '', 'city': 'Pleasant Grove', 'zip_code': '84062', 'country': 'US', 'state': 'UT', 'display_address': ['238 E State Rd', 'Ste 11', 'Pleasant Grove, UT 84062'], 'cross_streets': ''}","{'latitude': 40.35628, 'longitude': -111.73771}",['https://s3-media2.fl.yelpcdn.com/bphoto/5aO9iXC0PalndmW_2lJI3g/o.jpg'],
27,27,physicaltherapy,Physical Therapy,a_ge7Io4KsZzyvWnfXMYkw,utah-spine-sport-pleasant-grove,Utah Spine + Sport,https://s3-media2.fl.yelpcdn.com/bphoto/5aO9iXC0PalndmW_2lJI3g/o.jpg,True,False,https://www.yelp.com/biz/utah-spine-sport-pleasant-grove?adjust_creative=hE8bi2YODO-vfPOp0t5Rkw&utm_campaign=yelp_api_v3&utm_medium=api_v3_business_lookup&utm_source=hE8bi2YODO-vfPOp0t5Rkw,18017099797,(801) 709-9797,10,5.0,"{'address1': '238 E State Rd', 'address2': 'Ste 11', 'address3': '', 'city': 'Pleasant Grove', 'zip_code': '84062', 'country': 'US', 'state': 'UT', 'display_address': ['238 E State Rd', 'Ste 11', 'Pleasant Grove, UT 84062'], 'cross_streets': ''}","{'latitude': 40.35628, 'longitude': -111.73771}",['https://s3-media2.fl.yelpcdn.com/bphoto/5aO9iXC0PalndmW_2lJI3g/o.jpg'],
28,28,chiropractors,Chiropractors,qKgoDKhfsafeGLaBjMORlw,timpanogos-chiropractic-and-wellness-pleasant-grove,Timpanogos Chiropractic and Wellness,https://s3-media1.fl.yelpcdn.com/bphoto/5nq9nSm-X8XYVQwmCJdoog/o.jpg,True,False,https://www.yelp.com/biz/timpanogos-chiropractic-and-wellness-pleasant-grove?adjust_creative=hE8bi2YODO-vfPOp0t5Rkw&utm_campaign=yelp_api_v3&utm_medium=api_v3_business_lookup&utm_source=hE8bi2YODO-vfPOp0t5Rkw,18017967075,(801) 796-7075,3,5.0,"{'address1': '470 W 220th S', 'address2': 'Ste 201', 'address3': '', 'city': 'Pleasant Grove', 'zip_code': '84062', 'country': 'US', 'state': 'UT', 'display_address': ['470 W 220th S', 'Ste 201', 'Pleasant Grove, UT 84062'], 'cross_streets': ''}","{'latitude': 40.36116, 'longitude': -111.74766}","['https://s3-media1.fl.yelpcdn.com/bphoto/5nq9nSm-X8XYVQwmCJdoog/o.jpg', 'https://s3-media3.fl.yelpcdn.com/bphoto/W17a0x_nbtC5Ee1wEmlCmQ/o.jpg', 'https://s3-media2.fl.yelpcdn.com/bphoto/mQz2Vf9AbZoDRGVOS6kpbg/o.jpg']","[{'open': [{'is_overnight': False, 'start': '0800', 'end': '1100', 'day': 0}, {'is_overnight': False, 'start': '1400', 'end': '1800', 'day': 0}, {'is_overnight': False, 'start': '1500', 'end': '1800', 'day': 1}, {'is_overnight': False, 'start': '0800', 'end': '1100', 'day': 2}, {'is_overnight': False, 'start': '1400', 'end': '1800', 'day': 2}, {'is_overnight': False, 'start': '0800', 'end': '1100', 'day': 4}, {'is_overnight': False, 'start': '1400', 'end': '1800', 'day': 4}], 'hours_type': 'REGULAR', 'is_open_now': True}]"
29,29,chiropractors,Chiropractors,JSR_aW7lP7e3P8SMfToB9Q,cadence-chiropractic-american-fork,Cadence Chiropractic,https://s3-media2.fl.yelpcdn.com/bphoto/BYz5H_4VQUfu5bM3JL6i5w/o.jpg,True,False,https://www.yelp.com/biz/cadence-chiropractic-american-fork?adjust_creative=hE8bi2YODO-vfPOp0t5Rkw&utm_campaign=yelp_api_v3&utm_medium=api_v3_business_lookup&utm_source=hE8bi2YODO-vfPOp0t5Rkw,18016424199,(801) 642-4199,1,5.0,"{'address1': '456 E State Rd', 'address2': 'Ste 500', 'address3': '', 'city': 'American Fork', 'zip_code': '84003', 'country': 'US', 'state': 'UT', 'display_address': ['456 E State Rd', 'Ste 500', 'American Fork, UT 84003'], 'cross_streets': ''}","{'latitude': 40.373432, 'longitude': -111.786612}","['https://s3-media2.fl.yelpcdn.com/bphoto/BYz5H_4VQUfu5bM3JL6i5w/o.jpg', 'https://s3-media3.fl.yelpcdn.com/bphoto/2L7-L3kbpDUT_TrwBdBK7Q/o.jpg', 'https://s3-media3.fl.yelpcdn.com/bphoto/296Y1audKx1olENeG2lf7w/o.jpg']","[{'open': [{'is_overnight': False, 'start': '0900', 'end': '1200', 'day': 0}, {'is_overnight': False, 'start': '1500', 'end': '1800', 'day': 0}, {'is_overnight': False, 'start': '0900', 'end': '1200', 'day': 1}, {'is_overnight': False, 'start': '1500', 'end': '1800', 'day': 1}, {'is_overnight': False, 'start': '0900', 'end': '1200', 'day': 2}, {'is_overnight': False, 'start': '0900', 'end': '1200', 'day': 3}, {'is_overnight': False, 'start': '1500', 'end': '1800', 'day': 3}], 'hours_type': 'REGULAR', 'is_open_now': True}]"
30,30,chiropractors,Chiropractors,9dQydrd2Buch8o4Ohindxg,chiropractic-usa-pleasant-grove,Chiropractic USA,https://s3-media3.fl.yelpcdn.com/bphoto/7R89KEmB6ySPIzeP2rVgbw/o.jpg,True,False,https://www.yelp.com/biz/chiropractic-usa-pleasant-grove?adjust_creative=hE8bi2YODO-vfPOp0t5Rkw&utm_campaign=yelp_api_v3&utm_medium=api_v3_business_lookup&utm_source=hE8bi2YODO-vfPOp0t5Rkw,18017857874,(801) 785-7874,2,5.0,"{'address1': '470 W. 220 S', 'address2': 'Ste 201', 'address3': None, 'city': 'Pleasant Grove', 'zip_code': '84062', 'country': 'US', 'state': 'UT', 'display_address': ['470 W. 220 S', 'Ste 201', 'Pleasant Grove, UT 84062'], 'cross_streets': ''}","{'latitude': 40.361151, 'longitude': -111.747633}","['https://s3-media3.fl.yelpcdn.com/bphoto/7R89KEmB6ySPIzeP2rVgbw/o.jpg', 'https://s3-media2.fl.yelpcdn.com/bphoto/mjtKXNnGvFpW9ilasO1bpA/o.jpg', 'https://s3-media3.fl.yelpcdn.com/bphoto/thmQnQae3mop3e1sG6xgjA/o.jpg']","[{'open': [{'is_overnight': False, 'start': '0800', 'end': '1100', 'day': 0}, {'is_overnight': False, 'start': '1500', 'end': '1800', 'day': 0}, {'is_overnight': False, 'start': '1500', 'end': '1800', 'day': 1}, {'is_overnight': False, 'start': '0800', 'end': '1100', 'day': 2}, {'is_overnight': False, 'start': '1500', 'end': '1800', 'day': 2}, {'is_overnight': False, 'start': '0800', 'end': '1100', 'day': 3}, {'is_overnight': False, 'start': '1500', 'end': '1800', 'day': 3}], 'hours_type': 'REGULAR', 'is_open_now': True}]"
31,31,chiropractors,Chiropractors,iFjAt60CuaGkmfzmThXnwA,the-centered-stone-american-fork,The Centered Stone,https://s3-media3.fl.yelpcdn.com/bphoto/JniB1seEmwU6Et8NpyAsoA/o.jpg,True,False,https://www.yelp.com/biz/the-centered-stone-american-fork?adjust_creative=hE8bi2YODO-vfPOp0t5Rkw&utm_campaign=yelp_api_v3&utm_medium=api_v3_business_lookup&utm_source=hE8bi2YODO-vfPOp0t5Rkw,18016921750,(801) 692-1750,5,4.0,"{'address1': '1042 E Bamberger Dr', 'address2': None, 'address3': '', 'city': 'American Fork', 'zip_code': '84003', 'country': 'US', 'state': 'UT', 'display_address': ['1042 E Bamberger Dr', 'American Fork, UT 84003'], 'cross_streets': ''}","{'latitude': 40.371941, 'longitude': -111.77072}","['https://s3-media3.fl.yelpcdn.com/bphoto/JniB1seEmwU6Et8NpyAsoA/o.jpg', 'https://s3-media3.fl.yelpcdn.com/bphoto/PYgbIFp3fXXtiCa3m1sxnA/o.jpg']","[{'open': [{'is_overnight': False, 'start': '0800', 'end': '1900', 'day': 0}, {'is_overnight': False, 'start': '1000', 'end': '1900', 'day': 1}, {'is_overnight': False, 'start': '0800', 'end': '1900', 'day': 2}, {'is_overnight': False, 'start': '0800', 'end': '1900', 'day': 3}, {'is_overnight': False, 'start': '1000', 'end': '1900', 'day': 4}, {'is_overnight': False, 'start': '1000', 'end': '1900', 'day': 5}], 'hours_type': 'REGULAR', 'is_open_now': True}]"
32,32,halotherapy,Halotherapy,iFjAt60CuaGkmfzmThXnwA,the-centered-stone-american-fork,The Centered Stone,https://s3-media3.fl.yelpcdn.com/bphoto/JniB1seEmwU6Et8NpyAsoA/o.jpg,True,False,https://www.yelp.com/biz/the-centered-stone-american-fork?adjust_creative=hE8bi2YODO-vfPOp0t5Rkw&utm_campaign=yelp_api_v3&utm_medium=api_v3_business_lookup&utm_source=hE8bi2YODO-vfPOp0t5Rkw,18016921750,(801) 692-1750,5,4.0,"{'address1': '1042 E Bamberger Dr', 'address2': None, 'address3': '', 'city': 'American Fork', 'zip_code': '84003', 'country': 'US', 'state': 'UT', 'display_address': ['1042 E Bamberger Dr', 'American Fork, UT 84003'], 'cross_streets': ''}","{'latitude': 40.371941, 'longitude': -111.77072}","['https://s3-media3.fl.yelpcdn.com/bphoto/JniB1seEmwU6Et8NpyAsoA/o.jpg', 'https://s3-media3.fl.yelpcdn.com/bphoto/PYgbIFp3fXXtiCa3m1sxnA/o.jpg']","[{'open': [{'is_overnight': False, 'start': '0800', 'end': '1900', 'day': 0}, {'is_overnight': False, 'start': '1000', 'end': '1900', 'day': 1}, {'is_overnight': False, 'start': '0800', 'end': '1900', 'day': 2}, {'is_overnight': False, 'start': '0800', 'end': '1900', 'day': 3}, {'is_overnight': False, 'start': '1000', 'end': '1900', 'day': 4}, {'is_overnight': False, 'start': '1000', 'end': '1900', 'day': 5}], 'hours_type': 'REGULAR', 'is_open_now': True}]"
33,33,massage_therapy,Massage Therapy,iFjAt60CuaGkmfzmThXnwA,the-centered-stone-american-fork,The Centered Stone,https://s3-media3.fl.yelpcdn.com/bphoto/JniB1seEmwU6Et8NpyAsoA/o.jpg,True,False,https://www.yelp.com/biz/the-centered-stone-american-fork?adjust_creative=hE8bi2YODO-vfPOp0t5Rkw&utm_campaign=yelp_api_v3&utm_medium=api_v3_business_lookup&utm_source=hE8bi2YODO-vfPOp0t5Rkw,18016921750,(801) 692-1750,5,4.0,"{'address1': '1042 E Bamberger Dr', 'address2': None, 'address3': '', 'city': 'American Fork', 'zip_code': '84003', 'country': 'US', 'state': 'UT', 'display_address': ['1042 E Bamberger Dr', 'American Fork, UT 84003'], 'cross_streets': ''}","{'latitude': 40.371941, 'longitude': -111.77072}","['https://s3-media3.fl.yelpcdn.com/bphoto/JniB1seEmwU6Et8NpyAsoA/o.jpg', 'https://s3-media3.fl.yelpcdn.com/bphoto/PYgbIFp3fXXtiCa3m1sxnA/o.jpg']","[{'open': [{'is_overnight': False, 'start': '0800', 'end': '1900', 'day': 0}, {'is_overnight': False, 'start': '1000', 'end': '1900', 'day': 1}, {'is_overnight': False, 'start': '0800', 'end': '1900', 'day': 2}, {'is_overnight': False, 'start': '0800', 'end': '1900', 'day': 3}, {'is_overnight': False, 'start': '1000', 'end': '1900', 'day': 4}, {'is_overnight': False, 'start': '1000', 'end': '1900', 'day': 5}], 'hours_type': 'REGULAR', 'is_open_now': True}]"
0,0,chiropractors,Chiropractors,QjKSMkhxXL1xlreUUuk0Ug,the-joint-chiropractic-spanish-fork,The Joint Chiropractic,https://s3-media2.fl.yelpcdn.com/bphoto/v1KcwDUuQjINcK8tgpCKSg/o.jpg,True,False,https://www.yelp.com/biz/the-joint-chiropractic-spanish-fork?adjust_creative=hE8bi2YODO-vfPOp0t5Rkw&utm_campaign=yelp_api_v3&utm_medium=api_v3_business_lookup&utm_source=hE8bi2YODO-vfPOp0t5Rkw,18015095071,(801) 509-5071,11,4.5,"{'address1': '409 E 1000th N', 'address2': None, 'address3': None, 'city': 'Spanish Fork', 'zip_code': '84660', 'country': 'US', 'state': 'UT', 'display_address': ['409 E 1000th N', 'Spanish Fork, UT 84660'], 'cross_streets': ''}","{'latitude': 40.1231346, 'longitude': -111.647368500594}","['https://s3-media2.fl.yelpcdn.com/bphoto/v1KcwDUuQjINcK8tgpCKSg/o.jpg', 'https://s3-media4.fl.yelpcdn.com/bphoto/ylYk0xM_BFE8VEPo4fi4Fw/o.jpg', 'https://s3-media3.fl.yelpcdn.com/bphoto/yht8teZMJ47UB6ktEOKDDA/o.jpg']","{'open': [{'is_overnight': False, 'start': '1000', 'end': '1900', 'day': 0}, {'is_overnight': False, 'start': '1000', 'end': '1900', 'day': 1}, {'is_overnight': False, 'start': '1000', 'end': '1900', 'day': 2}, {'is_overnight': False, 'start': '1000', 'end': '1900', 'day': 3}, {'is_overnight': False, 'start': '1000', 'end': '1900', 'day': 4}, {'is_overnight': False, 'start': '1000', 'end': '1600', 'day': 5}], 'hours_type': 'REGULAR', 'is_open_now': True}"
1,1,chiropractors,Chiropractors,Nki4jizqbVRk4UW6ZHQHFA,oldroyd-sports-and-family-chiropractic-spanish-fork-2,Oldroyd Sports & Family Chiropractic,https://s3-media3.fl.yelpcdn.com/bphoto/-3RU3fskZLrFWuAOjnNrZA/o.jpg,True,False,https://www.yelp.com/biz/oldroyd-sports-and-family-chiropractic-spanish-fork-2?adjust_creative=hE8bi2YODO-vfPOp0t5Rkw&utm_campaign=yelp_api_v3&utm_medium=api_v3_business_lookup&utm_source=hE8bi2YODO-vfPOp0t5Rkw,18017982482,(801) 798-2482,4,5.0,"{'address1': '800 North 100 E', 'address2': '', 'address3': '', 'city': 'Spanish Fork', 'zip_code': '84660', 'country': 'US', 'state': 'UT', 'display_address': ['800 North 100 E', 'Spanish Fork, UT 84660'], 'cross_streets': ''}","{'latitude': 40.1198715, 'longitude': -111.6531917}","['https://s3-media3.fl.yelpcdn.com/bphoto/-3RU3fskZLrFWuAOjnNrZA/o.jpg', 'https://s3-media3.fl.yelpcdn.com/bphoto/GpM4fMbbtsJxLAQC4bWKRQ/o.jpg', 'https://s3-media3.fl.yelpcdn.com/bphoto/_b50MH33pup7Z6i3ZyzidA/o.jpg']","{'open': [{'is_overnight': False, 'start': '0800', 'end': '1800', 'day': 0}, {'is_overnight': False, 'start': '0800', 'end': '1800', 'day': 1}, {'is_overnight': False, 'start': '0800', 'end': '1800', 'day': 2}, {'is_overnight': False, 'start': '0800', 'end': '1800', 'day': 3}, {'is_overnight': False, 'start': '0800', 'end': '1800', 'day': 4}, {'is_overnight': False, 'start': '0800', 'end': '1800', 'day': 5}], 'hours_type': 'REGULAR', 'is_open_now': True}"
2,2,chiropractors,Chiropractors,BSu876rGsFohLRwPVALQrw,maple-ridge-chiropractic-and-massage-springville,Maple Ridge Chiropractic & Massage,https://s3-media3.fl.yelpcdn.com/bphoto/Xr2rfiDLpoAZ_gf4c6hcZg/o.jpg,True,False,https://www.yelp.com/biz/maple-ridge-chiropractic-and-massage-springville?adjust_creative=hE8bi2YODO-vfPOp0t5Rkw&utm_campaign=yelp_api_v3&utm_medium=api_v3_business_lookup&utm_source=hE8bi2YODO-vfPOp0t5Rkw,18016553989,(801) 655-3989,4,5.0,"{'address1': '25 N Main St', 'address2': '', 'address3': '', 'city': 'Springville', 'zip_code': '84663', 'country': 'US', 'state': 'UT', 'display_address': ['25 N Main St', 'Springville, UT 84663'], 'cross_streets': ''}","{'latitude': 40.1670943, 'longitude': -111.6110572}","['https://s3-media3.fl.yelpcdn.com/bphoto/Xr2rfiDLpoAZ_gf4c6hcZg/o.jpg', 'https://s3-media3.fl.yelpcdn.com/bphoto/HP928xCl4QzBq8EfhWO6Xg/o.jpg']","{'open': [{'is_overnight': False, 'start': '0900', 'end': '1800', 'day': 0}, {'is_overnight': False, 'start': '0900', 'end': '1800', 'day': 1}, {'is_overnight': False, 'start': '0900', 'end': '1800', 'day': 2}, {'is_overnight': False, 'start': '0900', 'end': '1800', 'day': 3}, {'is_overnight': False, 'start': '0900', 'end': '1600', 'day': 4}, {'is_overnight': False, 'start': '0900', 'end': '1200', 'day': 5}], 'hours_type': 'REGULAR', 'is_open_now': True}"
3,3,massage_therapy,Massage Therapy,BSu876rGsFohLRwPVALQrw,maple-ridge-chiropractic-and-massage-springville,Maple Ridge Chiropractic & Massage,https://s3-media3.fl.yelpcdn.com/bphoto/Xr2rfiDLpoAZ_gf4c6hcZg/o.jpg,True,False,https://www.yelp.com/biz/maple-ridge-chiropractic-and-massage-springville?adjust_creative=hE8bi2YODO-vfPOp0t5Rkw&utm_campaign=yelp_api_v3&utm_medium=api_v3_business_lookup&utm_source=hE8bi2YODO-vfPOp0t5Rkw,18016553989,(801) 655-3989,4,5.0,"{'address1': '25 N Main St', 'address2': '', 'address3': '', 'city': 'Springville', 'zip_code': '84663', 'country': 'US', 'state': 'UT', 'display_address': ['25 N Main St', 'Springville, UT 84663'], 'cross_streets': ''}","{'latitude': 40.1670943, 'longitude': -111.6110572}","['https://s3-media3.fl.yelpcdn.com/bphoto/Xr2rfiDLpoAZ_gf4c6hcZg/o.jpg', 'https://s3-media3.fl.yelpcdn.com/bphoto/HP928xCl4QzBq8EfhWO6Xg/o.jpg']","{'open': [{'is_overnight': False, 'start': '0900', 'end': '1800', 'day': 0}, {'is_overnight': False, 'start': '0900', 'end': '1800', 'day': 1}, {'is_overnight': False, 'start': '0900', 'end': '1800', 'day': 2}, {'is_overnight': False, 'start': '0900', 'end': '1800', 'day': 3}, {'is_overnight': False, 'start': '0900', 'end': '1600', 'day': 4}, {'is_overnight': False, 'start': '0900', 'end': '1200', 'day': 5}], 'hours_type': 'REGULAR', 'is_open_now': True}"
4,4,chiropractors,Chiropractors,p0VeFc3fSzP6rn-9tZpCgg,aspen-summit-chiropractic-mapleton-2,Aspen Summit Chiropractic,https://s3-media2.fl.yelpcdn.com/bphoto/tFn-3g1OElL3hpXmLCB6mw/o.jpg,True,False,https://www.yelp.com/biz/aspen-summit-chiropractic-mapleton-2?adjust_creative=hE8bi2YODO-vfPOp0t5Rkw&utm_campaign=yelp_api_v3&utm_medium=api_v3_business_lookup&utm_source=hE8bi2YODO-vfPOp0t5Rkw,18018556767,(801) 855-6767,6,5.0,"{'address1': '726 S 1600th W', 'address2': 'Ste 101', 'address3': '', 'city': 'Mapleton', 'zip_code': '84664', 'country': 'US', 'state': 'UT', 'display_address': ['726 S 1600th W', 'Ste 101', 'Mapleton, UT 84664'], 'cross_streets': ''}","{'latitude': 40.123517, 'longitude': -111.598931}","['https://s3-media2.fl.yelpcdn.com/bphoto/tFn-3g1OElL3hpXmLCB6mw/o.jpg', 'https://s3-media1.fl.yelpcdn.com/bphoto/WDB5jHPz_ziF5DdKKXes5w/o.jpg', 'https://s3-media3.fl.yelpcdn.com/bphoto/zil0VoGbh443kcdzSEj-zw/o.jpg']","{'open': [{'is_overnight': False, 'start': '0830', 'end': '1730', 'day': 0}, {'is_overnight': False, 'start': '0830', 'end': '1730', 'day': 1}, {'is_overnight': False, 'start': '0830', 'end': '1730', 'day': 2}, {'is_overnight': False, 'start': '0830', 'end': '1730', 'day': 3}, {'is_overnight': False, 'start': '0830', 'end': '1400', 'day': 4}], 'hours_type': 'REGULAR', 'is_open_now': False}"
5,5,chiropractors,Chiropractors,QQBdv_RwGbAeolTRKusXZw,axcess-accident-center-spanish-fork-spanish-fork-2,Axcess Accident Center - Spanish Fork,https://s3-media2.fl.yelpcdn.com/bphoto/Rt6LftxuCzVWFuKIVB-fUQ/o.jpg,True,False,https://www.yelp.com/biz/axcess-accident-center-spanish-fork-spanish-fork-2?adjust_creative=hE8bi2YODO-vfPOp0t5Rkw&utm_campaign=yelp_api_v3&utm_medium=api_v3_business_lookup&utm_source=hE8bi2YODO-vfPOp0t5Rkw,18019800432,(801) 980-0432,1,5.0,"{'address1': '752 E 800th N', 'address2': None, 'address3': '', 'city': 'Spanish Fork', 'zip_code': '84660', 'country': 'US', 'state': 'UT', 'display_address': ['752 E 800th N', 'Spanish Fork, UT 84660'], 'cross_streets': ''}","{'latitude': 40.1198947588699, 'longitude': -111.641568727791}","['https://s3-media2.fl.yelpcdn.com/bphoto/Rt6LftxuCzVWFuKIVB-fUQ/o.jpg', 'https://s3-media2.fl.yelpcdn.com/bphoto/Iu20EnT70w9l4qtF2Uhqjw/o.jpg', 'https://s3-media2.fl.yelpcdn.com/bphoto/coY31afnRyBNSjTAIOll2g/o.jpg']","{'open': [{'is_overnight': False, 'start': '0900', 'end': '1830', 'day': 0}, {'is_overnight': False, 'start': '1400', 'end': '1800', 'day': 1}, {'is_overnight': False, 'start': '0900', 'end': '1830', 'day': 2}, {'is_overnight': False, 'start': '1400', 'end': '1800', 'day': 3}, {'is_overnight': False, 'start': '0900', 'end': '1830', 'day': 4}], 'hours_type': 'REGULAR', 'is_open_now': True}"
6,6,massage_therapy,Massage Therapy,QQBdv_RwGbAeolTRKusXZw,axcess-accident-center-spanish-fork-spanish-fork-2,Axcess Accident Center - Spanish Fork,https://s3-media2.fl.yelpcdn.com/bphoto/Rt6LftxuCzVWFuKIVB-fUQ/o.jpg,True,False,https://www.yelp.com/biz/axcess-accident-center-spanish-fork-spanish-fork-2?adjust_creative=hE8bi2YODO-vfPOp0t5Rkw&utm_campaign=yelp_api_v3&utm_medium=api_v3_business_lookup&utm_source=hE8bi2YODO-vfPOp0t5Rkw,18019800432,(801) 980-0432,1,5.0,"{'address1': '752 E 800th N', 'address2': None, 'address3': '', 'city': 'Spanish Fork', 'zip_code': '84660', 'country': 'US', 'state': 'UT', 'display_address': ['752 E 800th N', 'Spanish Fork, UT 84660'], 'cross_streets': ''}","{'latitude': 40.1198947588699, 'longitude': -111.641568727791}","['https://s3-media2.fl.yelpcdn.com/bphoto/Rt6LftxuCzVWFuKIVB-fUQ/o.jpg', 'https://s3-media2.fl.yelpcdn.com/bphoto/Iu20EnT70w9l4qtF2Uhqjw/o.jpg', 'https://s3-media2.fl.yelpcdn.com/bphoto/coY31afnRyBNSjTAIOll2g/o.jpg']","{'open': [{'is_overnight': False, 'start': '0900', 'end': '1830', 'day': 0}, {'is_overnight': False, 'start': '1400', 'end': '1800', 'day': 1}, {'is_overnight': False, 'start': '0900', 'end': '1830', 'day': 2}, {'is_overnight': False, 'start': '1400', 'end': '1800', 'day': 3}, {'is_overnight': False, 'start': '0900', 'end': '1830', 'day': 4}], 'hours_type': 'REGULAR', 'is_open_now': True}"
7,7,acupuncture,Acupuncture,QQBdv_RwGbAeolTRKusXZw,axcess-accident-center-spanish-fork-spanish-fork-2,Axcess Accident Center - Spanish Fork,https://s3-media2.fl.yelpcdn.com/bphoto/Rt6LftxuCzVWFuKIVB-fUQ/o.jpg,True,False,https://www.yelp.com/biz/axcess-accident-center-spanish-fork-spanish-fork-2?adjust_creative=hE8bi2YODO-vfPOp0t5Rkw&utm_campaign=yelp_api_v3&utm_medium=api_v3_business_lookup&utm_source=hE8bi2YODO-vfPOp0t5Rkw,18019800432,(801) 980-0432,1,5.0,"{'address1': '752 E 800th N', 'address2': None, 'address3': '', 'city': 'Spanish Fork', 'zip_code': '84660', 'country': 'US', 'state': 'UT', 'display_address': ['752 E 800th N', 'Spanish Fork, UT 84660'], 'cross_streets': ''}","{'latitude': 40.1198947588699, 'longitude': -111.641568727791}","['https://s3-media2.fl.yelpcdn.com/bphoto/Rt6LftxuCzVWFuKIVB-fUQ/o.jpg', 'https://s3-media2.fl.yelpcdn.com/bphoto/Iu20EnT70w9l4qtF2Uhqjw/o.jpg', 'https://s3-media2.fl.yelpcdn.com/bphoto/coY31afnRyBNSjTAIOll2g/o.jpg']","{'open': [{'is_overnight': False, 'start': '0900', 'end': '1830', 'day': 0}, {'is_overnight': False, 'start': '1400', 'end': '1800', 'day': 1}, {'is_overnight': False, 'start': '0900', 'end': '1830', 'day': 2}, {'is_overnight': False, 'start': '1400', 'end': '1800', 'day': 3}, {'is_overnight': False, 'start': '0900', 'end': '1830', 'day': 4}], 'hours_type': 'REGULAR', 'is_open_now': True}"
8,8,chiropractors,Chiropractors,3ph9IA9ga7nC26wdBi77cQ,advanced-spinal-care-center-spanish-fork,Advanced Spinal Care Center,https://s3-media1.fl.yelpcdn.com/bphoto/4Fyc9kKsw6CZOP6FOUwsGQ/o.jpg,True,False,https://www.yelp.com/biz/advanced-spinal-care-center-spanish-fork?adjust_creative=hE8bi2YODO-vfPOp0t5Rkw&utm_campaign=yelp_api_v3&utm_medium=api_v3_business_lookup&utm_source=hE8bi2YODO-vfPOp0t5Rkw,18018233112,(801) 823-3112,3,5.0,"{'address1': '205 N Main St', 'address2': None, 'address3': None, 'city': 'Spanish Fork', 'zip_code': '84660', 'country': 'US', 'state': 'UT', 'display_address': ['205 N Main St', 'Spanish Fork, UT 84660'], 'cross_streets': ''}","{'latitude': 40.1126917948152, 'longitude': -111.655110728836}","['https://s3-media1.fl.yelpcdn.com/bphoto/4Fyc9kKsw6CZOP6FOUwsGQ/o.jpg', 'https://s3-media2.fl.yelpcdn.com/bphoto/yPPKbwyxyPtNgKZ_l9PAsw/o.jpg', 'https://s3-media4.fl.yelpcdn.com/bphoto/2CqmTW61O7nPG0AAPn9CuQ/o.jpg']","{'open': [{'is_overnight': False, 'start': '0800', 'end': '1800', 'day': 0}, {'is_overnight': False, 'start': '1400', 'end': '1800', 'day': 1}, {'is_overnight': False, 'start': '0800', 'end': '1800', 'day': 2}, {'is_overnight': False, 'start': '1400', 'end': '1800', 'day': 3}, {'is_overnight': False, 'start': '0800', 'end': '1100', 'day': 4}], 'hours_type': 'REGULAR', 'is_open_now': True}"
9,9,nutritionists,Nutritionists,3ph9IA9ga7nC26wdBi77cQ,advanced-spinal-care-center-spanish-fork,Advanced Spinal Care Center,https://s3-media1.fl.yelpcdn.com/bphoto/4Fyc9kKsw6CZOP6FOUwsGQ/o.jpg,True,False,https://www.yelp.com/biz/advanced-spinal-care-center-spanish-fork?adjust_creative=hE8bi2YODO-vfPOp0t5Rkw&utm_campaign=yelp_api_v3&utm_medium=api_v3_business_lookup&utm_source=hE8bi2YODO-vfPOp0t5Rkw,18018233112,(801) 823-3112,3,5.0,"{'address1': '205 N Main St', 'address2': None, 'address3': None, 'city': 'Spanish Fork', 'zip_code': '84660', 'country': 'US', 'state': 'UT', 'display_address': ['205 N Main St', 'Spanish Fork, UT 84660'], 'cross_streets': ''}","{'latitude': 40.1126917948152, 'longitude': -111.655110728836}","['https://s3-media1.fl.yelpcdn.com/bphoto/4Fyc9kKsw6CZOP6FOUwsGQ/o.jpg', 'https://s3-media2.fl.yelpcdn.com/bphoto/yPPKbwyxyPtNgKZ_l9PAsw/o.jpg', 'https://s3-media4.fl.yelpcdn.com/bphoto/2CqmTW61O7nPG0AAPn9CuQ/o.jpg']","{'open': [{'is_overnight': False, 'start': '0800', 'end': '1800', 'day': 0}, {'is_overnight': False, 'start': '1400', 'end': '1800', 'day': 1}, {'is_overnight': False, 'start': '0800', 'end': '1800', 'day': 2}, {'is_overnight': False, 'start': '1400', 'end': '1800', 'day': 3}, {'is_overnight': False, 'start': '0800', 'end': '1100', 'day': 4}], 'hours_type': 'REGULAR', 'is_open_now': True}"
10,10,massage_therapy,Massage Therapy,3ph9IA9ga7nC26wdBi77cQ,advanced-spinal-care-center-spanish-fork,Advanced Spinal Care Center,https://s3-media1.fl.yelpcdn.com/bphoto/4Fyc9kKsw6CZOP6FOUwsGQ/o.jpg,True,False,https://www.yelp.com/biz/advanced-spinal-care-center-spanish-fork?adjust_creative=hE8bi2YODO-vfPOp0t5Rkw&utm_campaign=yelp_api_v3&utm_medium=api_v3_business_lookup&utm_source=hE8bi2YODO-vfPOp0t5Rkw,18018233112,(801) 823-3112,3,5.0,"{'address1': '205 N Main St', 'address2': None, 'address3': None, 'city': 'Spanish Fork', 'zip_code': '84660', 'country': 'US', 'state': 'UT', 'display_address': ['205 N Main St', 'Spanish Fork, UT 84660'], 'cross_streets': ''}","{'latitude': 40.1126917948152, 'longitude': -111.655110728836}","['https://s3-media1.fl.yelpcdn.com/bphoto/4Fyc9kKsw6CZOP6FOUwsGQ/o.jpg', 'https://s3-media2.fl.yelpcdn.com/bphoto/yPPKbwyxyPtNgKZ_l9PAsw/o.jpg', 'https://s3-media4.fl.yelpcdn.com/bphoto/2CqmTW61O7nPG0AAPn9CuQ/o.jpg']","{'open': [{'is_overnight': False, 'start': '0800', 'end': '1800', 'day': 0}, {'is_overnight': False, 'start': '1400', 'end': '1800', 'day': 1}, {'is_overnight': False, 'start': '0800', 'end': '1800', 'day': 2}, {'is_overnight': False, 'start': '1400', 'end': '1800', 'day': 3}, {'is_overnight': False, 'start': '0800', 'end': '1100', 'day': 4}], 'hours_type': 'REGULAR', 'is_open_now': True}"
11,11,chiropractors,Chiropractors,my33znf0a5MHpl9vr79kWg,valley-chiropractic-and-wellness-spanish-fork,Valley Chiropractic & Wellness,https://s3-media3.fl.yelpcdn.com/bphoto/QZp7VxIrmYl-g-25LcavNQ/o.jpg,True,False,https://www.yelp.com/biz/valley-chiropractic-and-wellness-spanish-fork?adjust_creative=hE8bi2YODO-vfPOp0t5Rkw&utm_campaign=yelp_api_v3&utm_medium=api_v3_business_lookup&utm_source=hE8bi2YODO-vfPOp0t5Rkw,18018949633,(801) 894-9633,1,5.0,"{'address1': '663 N Main St', 'address2': '', 'address3': '', 'city': 'Spanish Fork', 'zip_code': '84660', 'country': 'US', 'state': 'UT', 'display_address': ['663 N Main St', 'Spanish Fork, UT 84660'], 'cross_streets': ''}","{'latitude': 40.1184065, 'longitude': -111.6548994}","['https://s3-media3.fl.yelpcdn.com/bphoto/QZp7VxIrmYl-g-25LcavNQ/o.jpg', 'https://s3-media4.fl.yelpcdn.com/bphoto/H0Szo7IGGAWYU4_9E9vDJA/o.jpg', 'https://s3-media4.fl.yelpcdn.com/bphoto/OcKo0XuoBDEi2xgk4COU4A/o.jpg']","{'open': [{'is_overnight': False, 'start': '0900', 'end': '1800', 'day': 0}, {'is_overnight': False, 'start': '0900', 'end': '1230', 'day': 1}, {'is_overnight': False, 'start': '0900', 'end': '1800', 'day': 2}, {'is_overnight': False, 'start': '0900', 'end': '1230', 'day': 3}, {'is_overnight': False, 'start': '0900', 'end': '1800', 'day': 4}], 'hours_type': 'REGULAR', 'is_open_now': True}"
12,12,chiropractors,Chiropractors,oz3rHkYJf8sO1vHvOmZ-qg,steve-baker-dc-provo,"Steve Baker, DC",https://s3-media4.fl.yelpcdn.com/bphoto/NWar5hCirmj46fh7dKVMyQ/o.jpg,True,False,https://www.yelp.com/biz/steve-baker-dc-provo?adjust_creative=hE8bi2YODO-vfPOp0t5Rkw&utm_campaign=yelp_api_v3&utm_medium=api_v3_business_lookup&utm_source=hE8bi2YODO-vfPOp0t5Rkw,18012100669,(801) 210-0669,3,5.0,"{'address1': '2230 N University Pkwy', 'address2': 'Bldg 5, Ste A', 'address3': '', 'city': 'Provo', 'zip_code': '84604', 'country': 'US', 'state': 'UT', 'display_address': ['2230 N University Pkwy', 'Bldg 5, Ste A', 'Provo, UT 84604'], 'cross_streets': ''}","{'latitude': 40.26214, 'longitude': -111.66561}","['https://s3-media4.fl.yelpcdn.com/bphoto/NWar5hCirmj46fh7dKVMyQ/o.jpg', 'https://s3-media2.fl.yelpcdn.com/bphoto/pzvK-5LoLL94QR2AhXz8Hw/o.jpg', 'https://s3-media4.fl.yelpcdn.com/bphoto/RVKC4IwQDi9qd0HT1g6rfQ/o.jpg']","{'open': [{'is_overnight': False, 'start': '0900', 'end': '1830', 'day': 0}, {'is_overnight': False, 'start': '1400', 'end': '1800', 'day': 1}, {'is_overnight': False, 'start': '0900', 'end': '1830', 'day': 2}, {'is_overnight': False, 'start': '1400', 'end': '1800', 'day': 3}, {'is_overnight': False, 'start': '0900', 'end': '1830', 'day': 4}], 'hours_type': 'REGULAR', 'is_open_now': True}"
13,13,acupuncture,Acupuncture,oz3rHkYJf8sO1vHvOmZ-qg,steve-baker-dc-provo,"Steve Baker, DC",https://s3-media4.fl.yelpcdn.com/bphoto/NWar5hCirmj46fh7dKVMyQ/o.jpg,True,False,https://www.yelp.com/biz/steve-baker-dc-provo?adjust_creative=hE8bi2YODO-vfPOp0t5Rkw&utm_campaign=yelp_api_v3&utm_medium=api_v3_business_lookup&utm_source=hE8bi2YODO-vfPOp0t5Rkw,18012100669,(801) 210-0669,3,5.0,"{'address1': '2230 N University Pkwy', 'address2': 'Bldg 5, Ste A', 'address3': '', 'city': 'Provo', 'zip_code': '84604', 'country': 'US', 'state': 'UT', 'display_address': ['2230 N University Pkwy', 'Bldg 5, Ste A', 'Provo, UT 84604'], 'cross_streets': ''}","{'latitude': 40.26214, 'longitude': -111.66561}","['https://s3-media4.fl.yelpcdn.com/bphoto/NWar5hCirmj46fh7dKVMyQ/o.jpg', 'https://s3-media2.fl.yelpcdn.com/bphoto/pzvK-5LoLL94QR2AhXz8Hw/o.jpg', 'https://s3-media4.fl.yelpcdn.com/bphoto/RVKC4IwQDi9qd0HT1g6rfQ/o.jpg']","{'open': [{'is_overnight': False, 'start': '0900', 'end': '1830', 'day': 0}, {'is_overnight': False, 'start': '1400', 'end': '1800', 'day': 1}, {'is_overnight': False, 'start': '0900', 'end': '1830', 'day': 2}, {'is_overnight': False, 'start': '1400', 'end': '1800', 'day': 3}, {'is_overnight': False, 'start': '0900', 'end': '1830', 'day': 4}], 'hours_type': 'REGULAR', 'is_open_now': True}"
14,14,massage_therapy,Massage Therapy,oz3rHkYJf8sO1vHvOmZ-qg,steve-baker-dc-provo,"Steve Baker, DC",https://s3-media4.fl.yelpcdn.com/bphoto/NWar5hCirmj46fh7dKVMyQ/o.jpg,True,False,https://www.yelp.com/biz/steve-baker-dc-provo?adjust_creative=hE8bi2YODO-vfPOp0t5Rkw&utm_campaign=yelp_api_v3&utm_medium=api_v3_business_lookup&utm_source=hE8bi2YODO-vfPOp0t5Rkw,18012100669,(801) 210-0669,3,5.0,"{'address1': '2230 N University Pkwy', 'address2': 'Bldg 5, Ste A', 'address3': '', 'city': 'Provo', 'zip_code': '84604', 'country': 'US', 'state': 'UT', 'display_address': ['2230 N University Pkwy', 'Bldg 5, Ste A', 'Provo, UT 84604'], 'cross_streets': ''}","{'latitude': 40.26214, 'longitude': -111.66561}","['https://s3-media4.fl.yelpcdn.com/bphoto/NWar5hCirmj46fh7dKVMyQ/o.jpg', 'https://s3-media2.fl.yelpcdn.com/bphoto/pzvK-5LoLL94QR2AhXz8Hw/o.jpg', 'https://s3-media4.fl.yelpcdn.com/bphoto/RVKC4IwQDi9qd0HT1g6rfQ/o.jpg']","{'open': [{'is_overnight': False, 'start': '0900', 'end': '1830', 'day': 0}, {'is_overnight': False, 'start': '1400', 'end': '1800', 'day': 1}, {'is_overnight': False, 'start': '0900', 'end': '1830', 'day': 2}, {'is_overnight': False, 'start': '1400', 'end': '1800', 'day': 3}, {'is_overnight': False, 'start': '0900', 'end': '1830', 'day': 4}], 'hours_type': 'REGULAR', 'is_open_now': True}"
15,15,medcenters,Medical Centers,PY5p2aM83gDbXdhuwYSN0w,hometown-chiropractic-salem-2,Hometown Chiropractic,https://s3-media3.fl.yelpcdn.com/bphoto/HAfgVll3iz7aIBN_OKS5_A/o.jpg,True,False,https://www.yelp.com/biz/hometown-chiropractic-salem-2?adjust_creative=hE8bi2YODO-vfPOp0t5Rkw&utm_campaign=yelp_api_v3&utm_medium=api_v3_business_lookup&utm_source=hE8bi2YODO-vfPOp0t5Rkw,18015046370,(801) 504-6370,1,5.0,"{'address1': '567 N State Rd 198', 'address2': '', 'address3': None, 'city': 'Salem', 'zip_code': '84653', 'country': 'US', 'state': 'UT', 'display_address': ['567 N State Rd 198', 'Salem, UT 84653'], 'cross_streets': ''}","{'latitude': 40.063189, 'longitude': -111.6686025}","['https://s3-media3.fl.yelpcdn.com/bphoto/HAfgVll3iz7aIBN_OKS5_A/o.jpg', 'https://s3-media4.fl.yelpcdn.com/bphoto/1tXmMlGpP1ivotgWnPUKFg/o.jpg', 'https://s3-media1.fl.yelpcdn.com/bphoto/Tdu0eUznF_Cwcg_Rcxh4_A/o.jpg']","{'open': [{'is_overnight': False, 'start': '0830', 'end': '1730', 'day': 0}, {'is_overnight': False, 'start': '0815', 'end': '1730', 'day': 1}, {'is_overnight': False, 'start': '0830', 'end': '1730', 'day': 2}, {'is_overnight': False, 'start': '0830', 'end': '1730', 'day': 3}, {'is_overnight': False, 'start': '0830', 'end': '1730', 'day': 4}, {'is_overnight': False, 'start': '0800', 'end': '1200', 'day': 5}], 'hours_type': 'REGULAR', 'is_open_now': False}"
16,16,chiropractors,Chiropractors,PY5p2aM83gDbXdhuwYSN0w,hometown-chiropractic-salem-2,Hometown Chiropractic,https://s3-media3.fl.yelpcdn.com/bphoto/HAfgVll3iz7aIBN_OKS5_A/o.jpg,True,False,https://www.yelp.com/biz/hometown-chiropractic-salem-2?adjust_creative=hE8bi2YODO-vfPOp0t5Rkw&utm_campaign=yelp_api_v3&utm_medium=api_v3_business_lookup&utm_source=hE8bi2YODO-vfPOp0t5Rkw,18015046370,(801) 504-6370,1,5.0,"{'address1': '567 N State Rd 198', 'address2': '', 'address3': None, 'city': 'Salem', 'zip_code': '84653', 'country': 'US', 'state': 'UT', 'display_address': ['567 N State Rd 198', 'Salem, UT 84653'], 'cross_streets': ''}","{'latitude': 40.063189, 'longitude': -111.6686025}","['https://s3-media3.fl.yelpcdn.com/bphoto/HAfgVll3iz7aIBN_OKS5_A/o.jpg', 'https://s3-media4.fl.yelpcdn.com/bphoto/1tXmMlGpP1ivotgWnPUKFg/o.jpg', 'https://s3-media1.fl.yelpcdn.com/bphoto/Tdu0eUznF_Cwcg_Rcxh4_A/o.jpg']","{'open': [{'is_overnight': False, 'start': '0830', 'end': '1730', 'day': 0}, {'is_overnight': False, 'start': '0815', 'end': '1730', 'day': 1}, {'is_overnight': False, 'start': '0830', 'end': '1730', 'day': 2}, {'is_overnight': False, 'start': '0830', 'end': '1730', 'day': 3}, {'is_overnight': False, 'start': '0830', 'end': '1730', 'day': 4}, {'is_overnight': False, 'start': '0800', 'end': '1200', 'day': 5}], 'hours_type': 'REGULAR', 'is_open_now': False}"
17,17,massage_therapy,Massage Therapy,PY5p2aM83gDbXdhuwYSN0w,hometown-chiropractic-salem-2,Hometown Chiropractic,https://s3-media3.fl.yelpcdn.com/bphoto/HAfgVll3iz7aIBN_OKS5_A/o.jpg,True,False,https://www.yelp.com/biz/hometown-chiropractic-salem-2?adjust_creative=hE8bi2YODO-vfPOp0t5Rkw&utm_campaign=yelp_api_v3&utm_medium=api_v3_business_lookup&utm_source=hE8bi2YODO-vfPOp0t5Rkw,18015046370,(801) 504-6370,1,5.0,"{'address1': '567 N State Rd 198', 'address2': '', 'address3': None, 'city': 'Salem', 'zip_code': '84653', 'country': 'US', 'state': 'UT', 'display_address': ['567 N State Rd 198', 'Salem, UT 84653'], 'cross_streets': ''}","{'latitude': 40.063189, 'longitude': -111.6686025}","['https://s3-media3.fl.yelpcdn.com/bphoto/HAfgVll3iz7aIBN_OKS5_A/o.jpg', 'https://s3-media4.fl.yelpcdn.com/bphoto/1tXmMlGpP1ivotgWnPUKFg/o.jpg', 'https://s3-media1.fl.yelpcdn.com/bphoto/Tdu0eUznF_Cwcg_Rcxh4_A/o.jpg']","{'open': [{'is_overnight': False, 'start': '0830', 'end': '1730', 'day': 0}, {'is_overnight': False, 'start': '0815', 'end': '1730', 'day': 1}, {'is_overnight': False, 'start': '0830', 'end': '1730', 'day': 2}, {'is_overnight': False, 'start': '0830', 'end': '1730', 'day': 3}, {'is_overnight': False, 'start': '0830', 'end': '1730', 'day': 4}, {'is_overnight': False, 'start': '0800', 'end': '1200', 'day': 5}], 'hours_type': 'REGULAR', 'is_open_now': False}"
18,18,chiropractors,Chiropractors,l81cE1E6i-WebSqcyd0B1g,axcess-accident-center-provo-provo-3,Axcess Accident Center- Provo,https://s3-media4.fl.yelpcdn.com/bphoto/vLAAZsJKPhFGQoSFyJ_EEg/o.jpg,True,False,https://www.yelp.com/biz/axcess-accident-center-provo-provo-3?adjust_creative=hE8bi2YODO-vfPOp0t5Rkw&utm_campaign=yelp_api_v3&utm_medium=api_v3_business_lookup&utm_source=hE8bi2YODO-vfPOp0t5Rkw,18012100669,(801) 210-0669,5,5.0,"{'address1': '2230 N University Pkwy', 'address2': 'Bldg 5 Ste A', 'address3': None, 'city': 'Provo', 'zip_code': '84604', 'country': 'US', 'state': 'UT', 'display_address': ['2230 N University Pkwy', 'Bldg 5 Ste A', 'Provo, UT 84604'], 'cross_streets': ''}","{'latitude': 40.26214, 'longitude': -111.66561}","['https://s3-media4.fl.yelpcdn.com/bphoto/vLAAZsJKPhFGQoSFyJ_EEg/o.jpg', 'https://s3-media4.fl.yelpcdn.com/bphoto/hnAfOC6YlAQZujAhQ4kHdA/o.jpg', 'https://s3-media2.fl.yelpcdn.com/bphoto/47ofYoX5rK9NG-eummWx5Q/o.jpg']","{'open': [{'is_overnight': False, 'start': '0900', 'end': '1830', 'day': 0}, {'is_overnight': False, 'start': '1000', 'end': '1800', 'day': 1}, {'is_overnight': False, 'start': '0900', 'end': '1830', 'day': 2}, {'is_overnight': False, 'start': '1000', 'end': '1800', 'day': 3}, {'is_overnight': False, 'start': '0900', 'end': '1830', 'day': 4}, {'is_overnight': False, 'start': '1000', 'end': '1400', 'day': 5}], 'hours_type': 'REGULAR', 'is_open_now': True}"
19,19,acupuncture,Acupuncture,l81cE1E6i-WebSqcyd0B1g,axcess-accident-center-provo-provo-3,Axcess Accident Center- Provo,https://s3-media4.fl.yelpcdn.com/bphoto/vLAAZsJKPhFGQoSFyJ_EEg/o.jpg,True,False,https://www.yelp.com/biz/axcess-accident-center-provo-provo-3?adjust_creative=hE8bi2YODO-vfPOp0t5Rkw&utm_campaign=yelp_api_v3&utm_medium=api_v3_business_lookup&utm_source=hE8bi2YODO-vfPOp0t5Rkw,18012100669,(801) 210-0669,5,5.0,"{'address1': '2230 N University Pkwy', 'address2': 'Bldg 5 Ste A', 'address3': None, 'city': 'Provo', 'zip_code': '84604', 'country': 'US', 'state': 'UT', 'display_address': ['2230 N University Pkwy', 'Bldg 5 Ste A', 'Provo, UT 84604'], 'cross_streets': ''}","{'latitude': 40.26214, 'longitude': -111.66561}","['https://s3-media4.fl.yelpcdn.com/bphoto/vLAAZsJKPhFGQoSFyJ_EEg/o.jpg', 'https://s3-media4.fl.yelpcdn.com/bphoto/hnAfOC6YlAQZujAhQ4kHdA/o.jpg', 'https://s3-media2.fl.yelpcdn.com/bphoto/47ofYoX5rK9NG-eummWx5Q/o.jpg']","{'open': [{'is_overnight': False, 'start': '0900', 'end': '1830', 'day': 0}, {'is_overnight': False, 'start': '1000', 'end': '1800', 'day': 1}, {'is_overnight': False, 'start': '0900', 'end': '1830', 'day': 2}, {'is_overnight': False, 'start': '1000', 'end': '1800', 'day': 3}, {'is_overnight': False, 'start': '0900', 'end': '1830', 'day': 4}, {'is_overnight': False, 'start': '1000', 'end': '1400', 'day': 5}], 'hours_type': 'REGULAR', 'is_open_now': True}"
20,20,massage_therapy,Massage Therapy,l81cE1E6i-WebSqcyd0B1g,axcess-accident-center-provo-provo-3,Axcess Accident Center- Provo,https://s3-media4.fl.yelpcdn.com/bphoto/vLAAZsJKPhFGQoSFyJ_EEg/o.jpg,True,False,https://www.yelp.com/biz/axcess-accident-center-provo-provo-3?adjust_creative=hE8bi2YODO-vfPOp0t5Rkw&utm_campaign=yelp_api_v3&utm_medium=api_v3_business_lookup&utm_source=hE8bi2YODO-vfPOp0t5Rkw,18012100669,(801) 210-0669,5,5.0,"{'address1': '2230 N University Pkwy', 'address2': 'Bldg 5 Ste A', 'address3': None, 'city': 'Provo', 'zip_code': '84604', 'country': 'US', 'state': 'UT', 'display_address': ['2230 N University Pkwy', 'Bldg 5 Ste A', 'Provo, UT 84604'], 'cross_streets': ''}","{'latitude': 40.26214, 'longitude': -111.66561}","['https://s3-media4.fl.yelpcdn.com/bphoto/vLAAZsJKPhFGQoSFyJ_EEg/o.jpg', 'https://s3-media4.fl.yelpcdn.com/bphoto/hnAfOC6YlAQZujAhQ4kHdA/o.jpg', 'https://s3-media2.fl.yelpcdn.com/bphoto/47ofYoX5rK9NG-eummWx5Q/o.jpg']","{'open': [{'is_overnight': False, 'start': '0900', 'end': '1830', 'day': 0}, {'is_overnight': False, 'start': '1000', 'end': '1800', 'day': 1}, {'is_overnight': False, 'start': '0900', 'end': '1830', 'day': 2}, {'is_overnight': False, 'start': '1000', 'end': '1800', 'day': 3}, {'is_overnight': False, 'start': '0900', 'end': '1830', 'day': 4}, {'is_overnight': False, 'start': '1000', 'end': '1400', 'day': 5}], 'hours_type': 'REGULAR', 'is_open_now': True}"
21,21,chiropractors,Chiropractors,xoVb9eWxNny5mJMvXTvtIg,chiropractic-care-and-massage-therapy-provo-3,Chiropractic Care & Massage Therapy,https://s3-media1.fl.yelpcdn.com/bphoto/1FZUWD3fyFjrSOCthCpxSA/o.jpg,False,False,https://www.yelp.com/biz/chiropractic-care-and-massage-therapy-provo-3?adjust_creative=hE8bi2YODO-vfPOp0t5Rkw&utm_campaign=yelp_api_v3&utm_medium=api_v3_business_lookup&utm_source=hE8bi2YODO-vfPOp0t5Rkw,18013770898,(801) 377-0898,1,5.0,"{'address1': '777 N 500th W', 'address2': 'Ste 205', 'address3': '', 'city': 'Provo', 'zip_code': '84601', 'country': 'US', 'state': 'UT', 'display_address': ['777 N 500th W', 'Ste 205', 'Provo, UT 84601'], 'cross_streets': ''}","{'latitude': 40.24381, 'longitude': -111.66741}",['https://s3-media1.fl.yelpcdn.com/bphoto/1FZUWD3fyFjrSOCthCpxSA/o.jpg'],"{'open': [{'is_overnight': False, 'start': '0900', 'end': '1800', 'day': 0}, {'is_overnight': False, 'start': '0900', 'end': '1800', 'day': 1}, {'is_overnight': False, 'start': '0900', 'end': '1800', 'day': 2}, {'is_overnight': False, 'start': '0900', 'end': '1800', 'day': 3}, {'is_overnight': False, 'start': '0900', 'end': '1800', 'day': 4}], 'hours_type': 'REGULAR', 'is_open_now': True}"
22,22,massage_therapy,Massage Therapy,xoVb9eWxNny5mJMvXTvtIg,chiropractic-care-and-massage-therapy-provo-3,Chiropractic Care & Massage Therapy,https://s3-media1.fl.yelpcdn.com/bphoto/1FZUWD3fyFjrSOCthCpxSA/o.jpg,False,False,https://www.yelp.com/biz/chiropractic-care-and-massage-therapy-provo-3?adjust_creative=hE8bi2YODO-vfPOp0t5Rkw&utm_campaign=yelp_api_v3&utm_medium=api_v3_business_lookup&utm_source=hE8bi2YODO-vfPOp0t5Rkw,18013770898,(801) 377-0898,1,5.0,"{'address1': '777 N 500th W', 'address2': 'Ste 205', 'address3': '', 'city': 'Provo', 'zip_code': '84601', 'country': 'US', 'state': 'UT', 'display_address': ['777 N 500th W', 'Ste 205', 'Provo, UT 84601'], 'cross_streets': ''}","{'latitude': 40.24381, 'longitude': -111.66741}",['https://s3-media1.fl.yelpcdn.com/bphoto/1FZUWD3fyFjrSOCthCpxSA/o.jpg'],"{'open': [{'is_overnight': False, 'start': '0900', 'end': '1800', 'day': 0}, {'is_overnight': False, 'start': '0900', 'end': '1800', 'day': 1}, {'is_overnight': False, 'start': '0900', 'end': '1800', 'day': 2}, {'is_overnight': False, 'start': '0900', 'end': '1800', 'day': 3}, {'is_overnight': False, 'start': '0900', 'end': '1800', 'day': 4}], 'hours_type': 'REGULAR', 'is_open_now': True}"
23,23,chiropractors,Chiropractors,JO0Sv1u7IQ1jc0MB46qqKw,align-rehabilitation-and-wellness-provo,Align Rehabilitation & Wellness,https://s3-media1.fl.yelpcdn.com/bphoto/UotrVwj46y6twtYnzEGkgw/o.jpg,True,False,https://www.yelp.com/biz/align-rehabilitation-and-wellness-provo?adjust_creative=hE8bi2YODO-vfPOp0t5Rkw&utm_campaign=yelp_api_v3&utm_medium=api_v3_business_lookup&utm_source=hE8bi2YODO-vfPOp0t5Rkw,18012359944,(801) 235-9944,3,4.5,"{'address1': '2230 N University Pkwy', 'address2': 'Ste 6B', 'address3': '', 'city': 'Provo', 'zip_code': '84604', 'country': 'US', 'state': 'UT', 'display_address': ['2230 N University Pkwy', 'Ste 6B', 'Provo, UT 84604'], 'cross_streets': ''}","{'latitude': 40.2614288, 'longitude': -111.6645737}","['https://s3-media1.fl.yelpcdn.com/bphoto/UotrVwj46y6twtYnzEGkgw/o.jpg', 'https://s3-media3.fl.yelpcdn.com/bphoto/HC19JM1TshHEJM9y05iAmg/o.jpg']","{'open': [{'is_overnight': False, 'start': '0800', 'end': '1700', 'day': 0}, {'is_overnight': False, 'start': '0800', 'end': '1800', 'day': 2}, {'is_overnight': False, 'start': '0900', 'end': '1800', 'day': 3}, {'is_overnight': False, 'start': '0800', 'end': '1700', 'day': 4}], 'hours_type': 'REGULAR', 'is_open_now': False}"
24,24,acupuncture,Acupuncture,SVNXAL2uLExNAQP2gq7Ujg,mcclean-chiropractic-and-injury-rehabilitation-provo-2,McClean Chiropractic & Injury Rehabilitation,https://s3-media2.fl.yelpcdn.com/bphoto/LORhYq1VhPm_0Qpnih3kvw/o.jpg,True,False,https://www.yelp.com/biz/mcclean-chiropractic-and-injury-rehabilitation-provo-2?adjust_creative=hE8bi2YODO-vfPOp0t5Rkw&utm_campaign=yelp_api_v3&utm_medium=api_v3_business_lookup&utm_source=hE8bi2YODO-vfPOp0t5Rkw,18013731035,(801) 373-1035,10,3.0,"{'address1': '385 N 500th W', 'address2': '', 'address3': '', 'city': 'Provo', 'zip_code': '84601', 'country': 'US', 'state': 'UT', 'display_address': ['385 N 500th W', 'Provo, UT 84601'], 'cross_streets': ''}","{'latitude': 40.23877, 'longitude': -111.66778}","['https://s3-media2.fl.yelpcdn.com/bphoto/LORhYq1VhPm_0Qpnih3kvw/o.jpg', 'https://s3-media2.fl.yelpcdn.com/bphoto/0X49Nc1yO9kP3dhr7icIlg/o.jpg', 'https://s3-media2.fl.yelpcdn.com/bphoto/yNSQsHHmthEWsNlte5fP4A/o.jpg']","{'open': [{'is_overnight': False, 'start': '0800', 'end': '1830', 'day': 0}, {'is_overnight': False, 'start': '0800', 'end': '1700', 'day': 1}, {'is_overnight': False, 'start': '0800', 'end': '1830', 'day': 2}, {'is_overnight': False, 'start': '0800', 'end': '1830', 'day': 4}], 'hours_type': 'REGULAR', 'is_open_now': True}"
25,25,chiropractors,Chiropractors,SVNXAL2uLExNAQP2gq7Ujg,mcclean-chiropractic-and-injury-rehabilitation-provo-2,McClean Chiropractic & Injury Rehabilitation,https://s3-media2.fl.yelpcdn.com/bphoto/LORhYq1VhPm_0Qpnih3kvw/o.jpg,True,False,https://www.yelp.com/biz/mcclean-chiropractic-and-injury-rehabilitation-provo-2?adjust_creative=hE8bi2YODO-vfPOp0t5Rkw&utm_campaign=yelp_api_v3&utm_medium=api_v3_business_lookup&utm_source=hE8bi2YODO-vfPOp0t5Rkw,18013731035,(801) 373-1035,10,3.0,"{'address1': '385 N 500th W', 'address2': '', 'address3': '', 'city': 'Provo', 'zip_code': '84601', 'country': 'US', 'state': 'UT', 'display_address': ['385 N 500th W', 'Provo, UT 84601'], 'cross_streets': ''}","{'latitude': 40.23877, 'longitude': -111.66778}","['https://s3-media2.fl.yelpcdn.com/bphoto/LORhYq1VhPm_0Qpnih3kvw/o.jpg', 'https://s3-media2.fl.yelpcdn.com/bphoto/0X49Nc1yO9kP3dhr7icIlg/o.jpg', 'https://s3-media2.fl.yelpcdn.com/bphoto/yNSQsHHmthEWsNlte5fP4A/o.jpg']","{'open': [{'is_overnight': False, 'start': '0800', 'end': '1830', 'day': 0}, {'is_overnight': False, 'start': '0800', 'end': '1700', 'day': 1}, {'is_overnight': False, 'start': '0800', 'end': '1830', 'day': 2}, {'is_overnight': False, 'start': '0800', 'end': '1830', 'day': 4}], 'hours_type': 'REGULAR', 'is_open_now': True}"
26,26,massage_therapy,Massage Therapy,SVNXAL2uLExNAQP2gq7Ujg,mcclean-chiropractic-and-injury-rehabilitation-provo-2,McClean Chiropractic & Injury Rehabilitation,https://s3-media2.fl.yelpcdn.com/bphoto/LORhYq1VhPm_0Qpnih3kvw/o.jpg,True,False,https://www.yelp.com/biz/mcclean-chiropractic-and-injury-rehabilitation-provo-2?adjust_creative=hE8bi2YODO-vfPOp0t5Rkw&utm_campaign=yelp_api_v3&utm_medium=api_v3_business_lookup&utm_source=hE8bi2YODO-vfPOp0t5Rkw,18013731035,(801) 373-1035,10,3.0,"{'address1': '385 N 500th W', 'address2': '', 'address3': '', 'city': 'Provo', 'zip_code': '84601', 'country': 'US', 'state': 'UT', 'display_address': ['385 N 500th W', 'Provo, UT 84601'], 'cross_streets': ''}","{'latitude': 40.23877, 'longitude': -111.66778}","['https://s3-media2.fl.yelpcdn.com/bphoto/LORhYq1VhPm_0Qpnih3kvw/o.jpg', 'https://s3-media2.fl.yelpcdn.com/bphoto/0X49Nc1yO9kP3dhr7icIlg/o.jpg', 'https://s3-media2.fl.yelpcdn.com/bphoto/yNSQsHHmthEWsNlte5fP4A/o.jpg']","{'open': [{'is_overnight': False, 'start': '0800', 'end': '1830', 'day': 0}, {'is_overnight': False, 'start': '0800', 'end': '1700', 'day': 1}, {'is_overnight': False, 'start': '0800', 'end': '1830', 'day': 2}, {'is_overnight': False, 'start': '0800', 'end': '1830', 'day': 4}], 'hours_type': 'REGULAR', 'is_open_now': True}"
27,27,chiropractors,Chiropractors,vv9QETtiLKOVPJxpuv5jtg,santaquin-chiropractic-santaquin-2,Santaquin Chiropractic,https://s3-media1.fl.yelpcdn.com/bphoto/210ywp0UfV_E3cukZW1u7A/o.jpg,True,False,https://www.yelp.com/biz/santaquin-chiropractic-santaquin-2?adjust_creative=hE8bi2YODO-vfPOp0t5Rkw&utm_campaign=yelp_api_v3&utm_medium=api_v3_business_lookup&utm_source=hE8bi2YODO-vfPOp0t5Rkw,18016097291,(801) 609-7291,2,5.0,"{'address1': '27 W Main St', 'address2': None, 'address3': '', 'city': 'Santaquin', 'zip_code': '84655', 'country': 'US', 'state': 'UT', 'display_address': ['27 W Main St', 'Santaquin, UT 84655'], 'cross_streets': ''}","{'latitude': 39.97543, 'longitude': -111.78598}",['https://s3-media1.fl.yelpcdn.com/bphoto/210ywp0UfV_E3cukZW1u7A/o.jpg'],"{'open': [{'is_overnight': False, 'start': '0800', 'end': '1800', 'day': 0}, {'is_overnight': False, 'start': '0800', 'end': '1800', 'day': 1}, {'is_overnight': False, 'start': '0800', 'end': '1800', 'day': 2}, {'is_overnight': False, 'start': '0800', 'end': '1800', 'day': 3}, {'is_overnight': False, 'start': '0800', 'end': '1800', 'day': 4}], 'hours_type': 'REGULAR', 'is_open_now': True}"
28,28,chiropractors,Chiropractors,JtRA2NpIkVdNSBFI7WFJOA,cascade-spinal-rehab-center-provo,Cascade Spinal Rehab Center,https://s3-media3.fl.yelpcdn.com/bphoto/Whq6b0q0PDoLtK2_Nk6VHg/o.jpg,True,False,https://www.yelp.com/biz/cascade-spinal-rehab-center-provo?adjust_creative=hE8bi2YODO-vfPOp0t5Rkw&utm_campaign=yelp_api_v3&utm_medium=api_v3_business_lookup&utm_source=hE8bi2YODO-vfPOp0t5Rkw,18012359977,(801) 235-9977,3,5.0,"{'address1': '75 S 200th E', 'address2': None, 'address3': None, 'city': 'Provo', 'zip_code': '84606', 'country': 'US', 'state': 'UT', 'display_address': ['75 S 200th E', 'Provo, UT 84606'], 'cross_streets': ''}","{'latitude': 40.232829, 'longitude': -111.654922}","['https://s3-media3.fl.yelpcdn.com/bphoto/Whq6b0q0PDoLtK2_Nk6VHg/o.jpg', 'https://s3-media1.fl.yelpcdn.com/bphoto/C23Ub8Deqj_i53wm4r4OWQ/o.jpg', 'https://s3-media2.fl.yelpcdn.com/bphoto/ZRiNZrU2Ng9ZkodldiEBIg/o.jpg']","{'open': [{'is_overnight': False, 'start': '0900', 'end': '1230', 'day': 0}, {'is_overnight': False, 'start': '1400', 'end': '1800', 'day': 0}, {'is_overnight': False, 'start': '1400', 'end': '1800', 'day': 1}, {'is_overnight': False, 'start': '0900', 'end': '1230', 'day': 2}, {'is_overnight': False, 'start': '1400', 'end': '1800', 'day': 2}, {'is_overnight': False, 'start': '1400', 'end': '1800', 'day': 3}, {'is_overnight': False, 'start': '0900', 'end': '1230', 'day': 4}, {'is_overnight': False, 'start': '1400', 'end': '1800', 'day': 4}], 'hours_type': 'REGULAR', 'is_open_now': True}"
29,29,massage_therapy,Massage Therapy,JtRA2NpIkVdNSBFI7WFJOA,cascade-spinal-rehab-center-provo,Cascade Spinal Rehab Center,https://s3-media3.fl.yelpcdn.com/bphoto/Whq6b0q0PDoLtK2_Nk6VHg/o.jpg,True,False,https://www.yelp.com/biz/cascade-spinal-rehab-center-provo?adjust_creative=hE8bi2YODO-vfPOp0t5Rkw&utm_campaign=yelp_api_v3&utm_medium=api_v3_business_lookup&utm_source=hE8bi2YODO-vfPOp0t5Rkw,18012359977,(801) 235-9977,3,5.0,"{'address1': '75 S 200th E', 'address2': None, 'address3': None, 'city': 'Provo', 'zip_code': '84606', 'country': 'US', 'state': 'UT', 'display_address': ['75 S 200th E', 'Provo, UT 84606'], 'cross_streets': ''}","{'latitude': 40.232829, 'longitude': -111.654922}","['https://s3-media3.fl.yelpcdn.com/bphoto/Whq6b0q0PDoLtK2_Nk6VHg/o.jpg', 'https://s3-media1.fl.yelpcdn.com/bphoto/C23Ub8Deqj_i53wm4r4OWQ/o.jpg', 'https://s3-media2.fl.yelpcdn.com/bphoto/ZRiNZrU2Ng9ZkodldiEBIg/o.jpg']","{'open': [{'is_overnight': False, 'start': '0900', 'end': '1230', 'day': 0}, {'is_overnight': False, 'start': '1400', 'end': '1800', 'day': 0}, {'is_overnight': False, 'start': '1400', 'end': '1800', 'day': 1}, {'is_overnight': False, 'start': '0900', 'end': '1230', 'day': 2}, {'is_overnight': False, 'start': '1400', 'end': '1800', 'day': 2}, {'is_overnight': False, 'start': '1400', 'end': '1800', 'day': 3}, {'is_overnight': False, 'start': '0900', 'end': '1230', 'day': 4}, {'is_overnight': False, 'start': '1400', 'end': '1800', 'day': 4}], 'hours_type': 'REGULAR', 'is_open_now': True}"
30,30,chiropractors,Chiropractors,nS9f7tzrWTNqosdJP4TNUA,provo-sports-and-family-chiropractic-provo,Provo Sports and Family Chiropractic,https://s3-media1.fl.yelpcdn.com/bphoto/QJt585KebX6q1y3nBvCahA/o.jpg,True,False,https://www.yelp.com/biz/provo-sports-and-family-chiropractic-provo?adjust_creative=hE8bi2YODO-vfPOp0t5Rkw&utm_campaign=yelp_api_v3&utm_medium=api_v3_business_lookup&utm_source=hE8bi2YODO-vfPOp0t5Rkw,18013752420,(801) 375-2420,2,3.5,"{'address1': '777 N 500th W', 'address2': '', 'address3': '', 'city': 'Provo', 'zip_code': '84601', 'country': 'US', 'state': 'UT', 'display_address': ['777 N 500th W', 'Provo, UT 84601'], 'cross_streets': ''}","{'latitude': 40.243902, 'longitude': -111.6682277}","['https://s3-media1.fl.yelpcdn.com/bphoto/QJt585KebX6q1y3nBvCahA/o.jpg', 'https://s3-media2.fl.yelpcdn.com/bphoto/rql961hDwgE1BchFnmK5Iw/o.jpg', 'https://s3-media3.fl.yelpcdn.com/bphoto/1-nXFSMDRl0umjSFbHu_3Q/o.jpg']","{'open': [{'is_overnight': False, 'start': '0900', 'end': '1800', 'day': 0}, {'is_overnight': False, 'start': '0900', 'end': '1800', 'day': 1}, {'is_overnight': False, 'start': '1200', 'end': '1600', 'day': 2}, {'is_overnight': False, 'start': '0900', 'end': '1800', 'day': 3}], 'hours_type': 'REGULAR', 'is_open_now': True}"
31,31,chiropractors,Chiropractors,nr5D7NncRm4msFkyfOXuEA,excel-chiropractic-payson,Excel Chiropractic,https://s3-media1.fl.yelpcdn.com/bphoto/t4TBqtiixV5C3ExQMmUSZw/o.jpg,True,False,https://www.yelp.com/biz/excel-chiropractic-payson?adjust_creative=hE8bi2YODO-vfPOp0t5Rkw&utm_campaign=yelp_api_v3&utm_medium=api_v3_business_lookup&utm_source=hE8bi2YODO-vfPOp0t5Rkw,13854045489,(385) 404-5489,1,5.0,"{'address1': '814 S 1040th W', 'address2': None, 'address3': '', 'city': 'Payson', 'zip_code': '84651', 'country': 'US', 'state': 'UT', 'display_address': ['814 S 1040th W', 'Payson, UT 84651'], 'cross_streets': ''}","{'latitude': 40.030994020797486, 'longitude': -111.750988331596}","['https://s3-media1.fl.yelpcdn.com/bphoto/t4TBqtiixV5C3ExQMmUSZw/o.jpg', 'https://s3-media4.fl.yelpcdn.com/bphoto/HtNZgFJGxJHvLcHjN9Pauw/o.jpg', 'https://s3-media1.fl.yelpcdn.com/bphoto/3RrvdQlexXpNDcjtj1X4mw/o.jpg']","{'open': [{'is_overnight': False, 'start': '0900', 'end': '1800', 'day': 0}, {'is_overnight': False, 'start': '1300', 'end': '1700', 'day': 1}, {'is_overnight': False, 'start': '0900', 'end': '1800', 'day': 2}, {'is_overnight': False, 'start': '1300', 'end': '1700', 'day': 3}, {'is_overnight': False, 'start': '0800', 'end': '1700', 'day': 4}], 'hours_type': 'REGULAR', 'is_open_now': True}"
32,32,massage_therapy,Massage Therapy,nr5D7NncRm4msFkyfOXuEA,excel-chiropractic-payson,Excel Chiropractic,https://s3-media1.fl.yelpcdn.com/bphoto/t4TBqtiixV5C3ExQMmUSZw/o.jpg,True,False,https://www.yelp.com/biz/excel-chiropractic-payson?adjust_creative=hE8bi2YODO-vfPOp0t5Rkw&utm_campaign=yelp_api_v3&utm_medium=api_v3_business_lookup&utm_source=hE8bi2YODO-vfPOp0t5Rkw,13854045489,(385) 404-5489,1,5.0,"{'address1': '814 S 1040th W', 'address2': None, 'address3': '', 'city': 'Payson', 'zip_code': '84651', 'country': 'US', 'state': 'UT', 'display_address': ['814 S 1040th W', 'Payson, UT 84651'], 'cross_streets': ''}","{'latitude': 40.030994020797486, 'longitude': -111.750988331596}","['https://s3-media1.fl.yelpcdn.com/bphoto/t4TBqtiixV5C3ExQMmUSZw/o.jpg', 'https://s3-media4.fl.yelpcdn.com/bphoto/HtNZgFJGxJHvLcHjN9Pauw/o.jpg', 'https://s3-media1.fl.yelpcdn.com/bphoto/3RrvdQlexXpNDcjtj1X4mw/o.jpg']","{'open': [{'is_overnight': False, 'start': '0900', 'end': '1800', 'day': 0}, {'is_overnight': False, 'start': '1300', 'end': '1700', 'day': 1}, {'is_overnight': False, 'start': '0900', 'end': '1800', 'day': 2}, {'is_overnight': False, 'start': '1300', 'end': '1700', 'day': 3}, {'is_overnight': False, 'start': '0800', 'end': '1700', 'day': 4}], 'hours_type': 'REGULAR', 'is_open_now': True}"
33,33,acupuncture,Acupuncture,nr5D7NncRm4msFkyfOXuEA,excel-chiropractic-payson,Excel Chiropractic,https://s3-media1.fl.yelpcdn.com/bphoto/t4TBqtiixV5C3ExQMmUSZw/o.jpg,True,False,https://www.yelp.com/biz/excel-chiropractic-payson?adjust_creative=hE8bi2YODO-vfPOp0t5Rkw&utm_campaign=yelp_api_v3&utm_medium=api_v3_business_lookup&utm_source=hE8bi2YODO-vfPOp0t5Rkw,13854045489,(385) 404-5489,1,5.0,"{'address1': '814 S 1040th W', 'address2': None, 'address3': '', 'city': 'Payson', 'zip_code': '84651', 'country': 'US', 'state': 'UT', 'display_address': ['814 S 1040th W', 'Payson, UT 84651'], 'cross_streets': ''}","{'latitude': 40.030994020797486, 'longitude': -111.750988331596}","['https://s3-media1.fl.yelpcdn.com/bphoto/t4TBqtiixV5C3ExQMmUSZw/o.jpg', 'https://s3-media4.fl.yelpcdn.com/bphoto/HtNZgFJGxJHvLcHjN9Pauw/o.jpg', 'https://s3-media1.fl.yelpcdn.com/bphoto/3RrvdQlexXpNDcjtj1X4mw/o.jpg']","{'open': [{'is_overnight': False, 'start': '0900', 'end': '1800', 'day': 0}, {'is_overnight': False, 'start': '1300', 'end': '1700', 'day': 1}, {'is_overnight': False, 'start': '0900', 'end': '1800', 'day': 2}, {'is_overnight': False, 'start': '1300', 'end': '1700', 'day': 3}, {'is_overnight': False, 'start': '0800', 'end': '1700', 'day': 4}], 'hours_type': 'REGULAR', 'is_open_now': True}"
34,34,chiropractors,Chiropractors,Y6A9uP7Nm-9zjmTza5yLSw,uintah-spinal-health-provo,Uintah Spinal Health,https://s3-media4.fl.yelpcdn.com/bphoto/ucLSWLyYWJ24AegmtEoC0w/o.jpg,True,False,https://www.yelp.com/biz/uintah-spinal-health-provo?adjust_creative=hE8bi2YODO-vfPOp0t5Rkw&utm_campaign=yelp_api_v3&utm_medium=api_v3_business_lookup&utm_source=hE8bi2YODO-vfPOp0t5Rkw,18012359944,(801) 235-9944,1,5.0,"{'address1': '2230 N University Pkwy', 'address2': 'Ste 6B', 'address3': '', 'city': 'Provo', 'zip_code': '84604', 'country': 'US', 'state': 'UT', 'display_address': ['2230 N University Pkwy', 'Ste 6B', 'Provo, UT 84604'], 'cross_streets': ''}","{'latitude': 40.262415, 'longitude': -111.665437}","['https://s3-media4.fl.yelpcdn.com/bphoto/ucLSWLyYWJ24AegmtEoC0w/o.jpg', 'https://s3-media2.fl.yelpcdn.com/bphoto/ukcTRS8Ckj4gL6lOS82r-Q/o.jpg', 'https://s3-media4.fl.yelpcdn.com/bphoto/tEiEdCGHKrUBq9HawhRKKg/o.jpg']","{'open': [{'is_overnight': False, 'start': '0800', 'end': '1800', 'day': 0}, {'is_overnight': False, 'start': '0800', 'end': '1800', 'day': 2}, {'is_overnight': False, 'start': '0800', 'end': '1200', 'day': 3}, {'is_overnight': False, 'start': '0800', 'end': '1800', 'day': 4}], 'hours_type': 'REGULAR', 'is_open_now': True}"
35,35,chiropractors,Chiropractors,5TSy9uZVgkZNGLvpnWwgTw,spinal-rehab-specialists-orem-4,Spinal Rehab Specialists,https://s3-media1.fl.yelpcdn.com/bphoto/XGdqaqJR0zeKasU_2fCj3A/o.jpg,True,False,https://www.yelp.com/biz/spinal-rehab-specialists-orem-4?adjust_creative=hE8bi2YODO-vfPOp0t5Rkw&utm_campaign=yelp_api_v3&utm_medium=api_v3_business_lookup&utm_source=hE8bi2YODO-vfPOp0t5Rkw,18012212999,(801) 221-2999,2,5.0,"{'address1': '1704 S State St', 'address2': None, 'address3': '', 'city': 'Orem', 'zip_code': '84097', 'country': 'US', 'state': 'UT', 'display_address': ['1704 S State St', 'Orem, UT 84097'], 'cross_streets': ''}","{'latitude': 40.2658792, 'longitude': -111.6816682}","['https://s3-media1.fl.yelpcdn.com/bphoto/XGdqaqJR0zeKasU_2fCj3A/o.jpg', 'https://s3-media1.fl.yelpcdn.com/bphoto/il2Y7gKrs-vDfsSnCAvdUg/o.jpg', 'https://s3-media3.fl.yelpcdn.com/bphoto/iaQzl8CBSiNxLZIPpIgR3g/o.jpg']","{'open': [{'is_overnight': False, 'start': '0900', 'end': '1200', 'day': 0}, {'is_overnight': False, 'start': '1500', 'end': '1830', 'day': 0}, {'is_overnight': False, 'start': '0900', 'end': '1200', 'day': 2}, {'is_overnight': False, 'start': '1500', 'end': '1830', 'day': 2}, {'is_overnight': False, 'start': '0900', 'end': '1200', 'day': 4}, {'is_overnight': False, 'start': '1500', 'end': '1830', 'day': 4}], 'hours_type': 'REGULAR', 'is_open_now': True}"
36,36,massage_therapy,Massage Therapy,5TSy9uZVgkZNGLvpnWwgTw,spinal-rehab-specialists-orem-4,Spinal Rehab Specialists,https://s3-media1.fl.yelpcdn.com/bphoto/XGdqaqJR0zeKasU_2fCj3A/o.jpg,True,False,https://www.yelp.com/biz/spinal-rehab-specialists-orem-4?adjust_creative=hE8bi2YODO-vfPOp0t5Rkw&utm_campaign=yelp_api_v3&utm_medium=api_v3_business_lookup&utm_source=hE8bi2YODO-vfPOp0t5Rkw,18012212999,(801) 221-2999,2,5.0,"{'address1': '1704 S State St', 'address2': None, 'address3': '', 'city': 'Orem', 'zip_code': '84097', 'country': 'US', 'state': 'UT', 'display_address': ['1704 S State St', 'Orem, UT 84097'], 'cross_streets': ''}","{'latitude': 40.2658792, 'longitude': -111.6816682}","['https://s3-media1.fl.yelpcdn.com/bphoto/XGdqaqJR0zeKasU_2fCj3A/o.jpg', 'https://s3-media1.fl.yelpcdn.com/bphoto/il2Y7gKrs-vDfsSnCAvdUg/o.jpg', 'https://s3-media3.fl.yelpcdn.com/bphoto/iaQzl8CBSiNxLZIPpIgR3g/o.jpg']","{'open': [{'is_overnight': False, 'start': '0900', 'end': '1200', 'day': 0}, {'is_overnight': False, 'start': '1500', 'end': '1830', 'day': 0}, {'is_overnight': False, 'start': '0900', 'end': '1200', 'day': 2}, {'is_overnight': False, 'start': '1500', 'end': '1830', 'day': 2}, {'is_overnight': False, 'start': '0900', 'end': '1200', 'day': 4}, {'is_overnight': False, 'start': '1500', 'end': '1830', 'day': 4}], 'hours_type': 'REGULAR', 'is_open_now': True}"
37,37,physicaltherapy,Physical Therapy,5TSy9uZVgkZNGLvpnWwgTw,spinal-rehab-specialists-orem-4,Spinal Rehab Specialists,https://s3-media1.fl.yelpcdn.com/bphoto/XGdqaqJR0zeKasU_2fCj3A/o.jpg,True,False,https://www.yelp.com/biz/spinal-rehab-specialists-orem-4?adjust_creative=hE8bi2YODO-vfPOp0t5Rkw&utm_campaign=yelp_api_v3&utm_medium=api_v3_business_lookup&utm_source=hE8bi2YODO-vfPOp0t5Rkw,18012212999,(801) 221-2999,2,5.0,"{'address1': '1704 S State St', 'address2': None, 'address3': '', 'city': 'Orem', 'zip_code': '84097', 'country': 'US', 'state': 'UT', 'display_address': ['1704 S State St', 'Orem, UT 84097'], 'cross_streets': ''}","{'latitude': 40.2658792, 'longitude': -111.6816682}","['https://s3-media1.fl.yelpcdn.com/bphoto/XGdqaqJR0zeKasU_2fCj3A/o.jpg', 'https://s3-media1.fl.yelpcdn.com/bphoto/il2Y7gKrs-vDfsSnCAvdUg/o.jpg', 'https://s3-media3.fl.yelpcdn.com/bphoto/iaQzl8CBSiNxLZIPpIgR3g/o.jpg']","{'open': [{'is_overnight': False, 'start': '0900', 'end': '1200', 'day': 0}, {'is_overnight': False, 'start': '1500', 'end': '1830', 'day': 0}, {'is_overnight': False, 'start': '0900', 'end': '1200', 'day': 2}, {'is_overnight': False, 'start': '1500', 'end': '1830', 'day': 2}, {'is_overnight': False, 'start': '0900', 'end': '1200', 'day': 4}, {'is_overnight': False, 'start': '1500', 'end': '1830', 'day': 4}], 'hours_type': 'REGULAR', 'is_open_now': True}"
38,38,massage_therapy,Massage Therapy,J3jUM9EG21XKqolGPlBXfg,canyon-gate-massage-therapy-and-wellness-orem,Canyon Gate Massage Therapy & Wellness,https://s3-media3.fl.yelpcdn.com/bphoto/9glGMJvwQw31SmQdFg1yPQ/o.jpg,True,False,https://www.yelp.com/biz/canyon-gate-massage-therapy-and-wellness-orem?adjust_creative=hE8bi2YODO-vfPOp0t5Rkw&utm_campaign=yelp_api_v3&utm_medium=api_v3_business_lookup&utm_source=hE8bi2YODO-vfPOp0t5Rkw,18016138025,(801) 613-8025,4,4.5,"{'address1': '1145 E 800 N', 'address2': None, 'address3': '', 'city': 'Orem', 'zip_code': '84059', 'country': 'US', 'state': 'UT', 'display_address': ['1145 E 800 N', 'Orem, UT 84059'], 'cross_streets': ''}","{'latitude': 40.31238, 'longitude': -111.66865}","['https://s3-media3.fl.yelpcdn.com/bphoto/9glGMJvwQw31SmQdFg1yPQ/o.jpg', 'https://s3-media4.fl.yelpcdn.com/bphoto/zuEYiJ1G3TtU_wlCgXOYcA/o.jpg', 'https://s3-media1.fl.yelpcdn.com/bphoto/PAyGsEvG6spfhUxjDDMUyA/o.jpg']","{'open': [{'is_overnight': False, 'start': '0900', 'end': '2100', 'day': 0}, {'is_overnight': False, 'start': '0900', 'end': '2100', 'day': 1}, {'is_overnight': False, 'start': '0900', 'end': '2100', 'day': 2}, {'is_overnight': False, 'start': '0900', 'end': '2100', 'day': 3}, {'is_overnight': False, 'start': '0900', 'end': '2100', 'day': 4}, {'is_overnight': False, 'start': '0900', 'end': '2100', 'day': 5}, {'is_overnight': False, 'start': '1200', 'end': '1800', 'day': 6}], 'hours_type': 'REGULAR', 'is_open_now': True}"
39,39,massage,Massage,J3jUM9EG21XKqolGPlBXfg,canyon-gate-massage-therapy-and-wellness-orem,Canyon Gate Massage Therapy & Wellness,https://s3-media3.fl.yelpcdn.com/bphoto/9glGMJvwQw31SmQdFg1yPQ/o.jpg,True,False,https://www.yelp.com/biz/canyon-gate-massage-therapy-and-wellness-orem?adjust_creative=hE8bi2YODO-vfPOp0t5Rkw&utm_campaign=yelp_api_v3&utm_medium=api_v3_business_lookup&utm_source=hE8bi2YODO-vfPOp0t5Rkw,18016138025,(801) 613-8025,4,4.5,"{'address1': '1145 E 800 N', 'address2': None, 'address3': '', 'city': 'Orem', 'zip_code': '84059', 'country': 'US', 'state': 'UT', 'display_address': ['1145 E 800 N', 'Orem, UT 84059'], 'cross_streets': ''}","{'latitude': 40.31238, 'longitude': -111.66865}","['https://s3-media3.fl.yelpcdn.com/bphoto/9glGMJvwQw31SmQdFg1yPQ/o.jpg', 'https://s3-media4.fl.yelpcdn.com/bphoto/zuEYiJ1G3TtU_wlCgXOYcA/o.jpg', 'https://s3-media1.fl.yelpcdn.com/bphoto/PAyGsEvG6spfhUxjDDMUyA/o.jpg']","{'open': [{'is_overnight': False, 'start': '0900', 'end': '2100', 'day': 0}, {'is_overnight': False, 'start': '0900', 'end': '2100', 'day': 1}, {'is_overnight': False, 'start': '0900', 'end': '2100', 'day': 2}, {'is_overnight': False, 'start': '0900', 'end': '2100', 'day': 3}, {'is_overnight': False, 'start': '0900', 'end': '2100', 'day': 4}, {'is_overnight': False, 'start': '0900', 'end': '2100', 'day': 5}, {'is_overnight': False, 'start': '1200', 'end': '1800', 'day': 6}], 'hours_type': 'REGULAR', 'is_open_now': True}"
