categories_alias,categories_title,id,alias,name,image_url,is_claimed,is_closed,url,phone,display_phone,review_count,rating,location,coordinates,photos,hours
chiropractors,Chiropractors,QjKSMkhxXL1xlreUUuk0Ug,the-joint-chiropractic-spanish-fork,The Joint Chiropractic,https://s3-media2.fl.yelpcdn.com/bphoto/v1KcwDUuQjINcK8tgpCKSg/o.jpg,True,False,https://www.yelp.com/biz/the-joint-chiropractic-spanish-fork?adjust_creative=hE8bi2YODO-vfPOp0t5Rkw&utm_campaign=yelp_api_v3&utm_medium=api_v3_business_lookup&utm_source=hE8bi2YODO-vfPOp0t5Rkw,+18015095071,(801) 509-5071,10,4.5,"{'address1': '409 E 1000th N', 'address2': None, 'address3': None, 'city': 'Spanish Fork', 'zip_code': '84660', 'country': 'US', 'state': 'UT', 'display_address': ['409 E 1000th N', 'Spanish Fork, UT 84660'], 'cross_streets': ''}","{'latitude': 40.1231346, 'longitude': -111.647368500594}","['https://s3-media2.fl.yelpcdn.com/bphoto/v1KcwDUuQjINcK8tgpCKSg/o.jpg', 'https://s3-media4.fl.yelpcdn.com/bphoto/ylYk0xM_BFE8VEPo4fi4Fw/o.jpg', 'https://s3-media3.fl.yelpcdn.com/bphoto/yht8teZMJ47UB6ktEOKDDA/o.jpg']","{'open': [{'is_overnight': False, 'start': '1000', 'end': '1900', 'day': 0}, {'is_overnight': False, 'start': '1000', 'end': '1900', 'day': 1}, {'is_overnight': False, 'start': '1000', 'end': '1900', 'day': 2}, {'is_overnight': False, 'start': '1000', 'end': '1900', 'day': 3}, {'is_overnight': False, 'start': '1000', 'end': '1900', 'day': 4}, {'is_overnight': False, 'start': '1000', 'end': '1600', 'day': 5}], 'hours_type': 'REGULAR', 'is_open_now': True}"
chiropractors,Chiropractors,Nki4jizqbVRk4UW6ZHQHFA,oldroyd-sports-and-family-chiropractic-spanish-fork-2,Oldroyd Sports & Family Chiropractic,https://s3-media3.fl.yelpcdn.com/bphoto/-3RU3fskZLrFWuAOjnNrZA/o.jpg,True,False,https://www.yelp.com/biz/oldroyd-sports-and-family-chiropractic-spanish-fork-2?adjust_creative=hE8bi2YODO-vfPOp0t5Rkw&utm_campaign=yelp_api_v3&utm_medium=api_v3_business_lookup&utm_source=hE8bi2YODO-vfPOp0t5Rkw,+18017982482,(801) 798-2482,4,5.0,"{'address1': '800 North 100 E', 'address2': '', 'address3': '', 'city': 'Spanish Fork', 'zip_code': '84660', 'country': 'US', 'state': 'UT', 'display_address': ['800 North 100 E', 'Spanish Fork, UT 84660'], 'cross_streets': ''}","{'latitude': 40.1198715, 'longitude': -111.6531917}","['https://s3-media3.fl.yelpcdn.com/bphoto/-3RU3fskZLrFWuAOjnNrZA/o.jpg', 'https://s3-media3.fl.yelpcdn.com/bphoto/GpM4fMbbtsJxLAQC4bWKRQ/o.jpg', 'https://s3-media3.fl.yelpcdn.com/bphoto/_b50MH33pup7Z6i3ZyzidA/o.jpg']","{'open': [{'is_overnight': False, 'start': '0800', 'end': '1800', 'day': 0}, {'is_overnight': False, 'start': '0800', 'end': '1800', 'day': 1}, {'is_overnight': False, 'start': '0800', 'end': '1800', 'day': 2}, {'is_overnight': False, 'start': '0800', 'end': '1800', 'day': 3}, {'is_overnight': False, 'start': '0800', 'end': '1800', 'day': 4}, {'is_overnight': False, 'start': '0800', 'end': '1800', 'day': 5}], 'hours_type': 'REGULAR', 'is_open_now': True}"
chiropractors,Chiropractors,BSu876rGsFohLRwPVALQrw,maple-ridge-chiropractic-and-massage-springville,Maple Ridge Chiropractic & Massage,https://s3-media3.fl.yelpcdn.com/bphoto/Xr2rfiDLpoAZ_gf4c6hcZg/o.jpg,True,False,https://www.yelp.com/biz/maple-ridge-chiropractic-and-massage-springville?adjust_creative=hE8bi2YODO-vfPOp0t5Rkw&utm_campaign=yelp_api_v3&utm_medium=api_v3_business_lookup&utm_source=hE8bi2YODO-vfPOp0t5Rkw,+18016553989,(801) 655-3989,4,5.0,"{'address1': '25 N Main St', 'address2': '', 'address3': '', 'city': 'Springville', 'zip_code': '84663', 'country': 'US', 'state': 'UT', 'display_address': ['25 N Main St', 'Springville, UT 84663'], 'cross_streets': ''}","{'latitude': 40.1670943, 'longitude': -111.6110572}","['https://s3-media3.fl.yelpcdn.com/bphoto/Xr2rfiDLpoAZ_gf4c6hcZg/o.jpg', 'https://s3-media3.fl.yelpcdn.com/bphoto/HP928xCl4QzBq8EfhWO6Xg/o.jpg']","{'open': [{'is_overnight': False, 'start': '0900', 'end': '1800', 'day': 0}, {'is_overnight': False, 'start': '0900', 'end': '1800', 'day': 1}, {'is_overnight': False, 'start': '0900', 'end': '1800', 'day': 2}, {'is_overnight': False, 'start': '0900', 'end': '1800', 'day': 3}, {'is_overnight': False, 'start': '0900', 'end': '1600', 'day': 4}, {'is_overnight': False, 'start': '0900', 'end': '1200', 'day': 5}], 'hours_type': 'REGULAR', 'is_open_now': True}"
massage_therapy,Massage Therapy,BSu876rGsFohLRwPVALQrw,maple-ridge-chiropractic-and-massage-springville,Maple Ridge Chiropractic & Massage,https://s3-media3.fl.yelpcdn.com/bphoto/Xr2rfiDLpoAZ_gf4c6hcZg/o.jpg,True,False,https://www.yelp.com/biz/maple-ridge-chiropractic-and-massage-springville?adjust_creative=hE8bi2YODO-vfPOp0t5Rkw&utm_campaign=yelp_api_v3&utm_medium=api_v3_business_lookup&utm_source=hE8bi2YODO-vfPOp0t5Rkw,+18016553989,(801) 655-3989,4,5.0,"{'address1': '25 N Main St', 'address2': '', 'address3': '', 'city': 'Springville', 'zip_code': '84663', 'country': 'US', 'state': 'UT', 'display_address': ['25 N Main St', 'Springville, UT 84663'], 'cross_streets': ''}","{'latitude': 40.1670943, 'longitude': -111.6110572}","['https://s3-media3.fl.yelpcdn.com/bphoto/Xr2rfiDLpoAZ_gf4c6hcZg/o.jpg', 'https://s3-media3.fl.yelpcdn.com/bphoto/HP928xCl4QzBq8EfhWO6Xg/o.jpg']","{'open': [{'is_overnight': False, 'start': '0900', 'end': '1800', 'day': 0}, {'is_overnight': False, 'start': '0900', 'end': '1800', 'day': 1}, {'is_overnight': False, 'start': '0900', 'end': '1800', 'day': 2}, {'is_overnight': False, 'start': '0900', 'end': '1800', 'day': 3}, {'is_overnight': False, 'start': '0900', 'end': '1600', 'day': 4}, {'is_overnight': False, 'start': '0900', 'end': '1200', 'day': 5}], 'hours_type': 'REGULAR', 'is_open_now': True}"
chiropractors,Chiropractors,p0VeFc3fSzP6rn-9tZpCgg,aspen-summit-chiropractic-mapleton-2,Aspen Summit Chiropractic,https://s3-media2.fl.yelpcdn.com/bphoto/tFn-3g1OElL3hpXmLCB6mw/o.jpg,True,False,https://www.yelp.com/biz/aspen-summit-chiropractic-mapleton-2?adjust_creative=hE8bi2YODO-vfPOp0t5Rkw&utm_campaign=yelp_api_v3&utm_medium=api_v3_business_lookup&utm_source=hE8bi2YODO-vfPOp0t5Rkw,+18018556767,(801) 855-6767,6,5.0,"{'address1': '726 S 1600th W', 'address2': 'Ste 101', 'address3': '', 'city': 'Mapleton', 'zip_code': '84664', 'country': 'US', 'state': 'UT', 'display_address': ['726 S 1600th W', 'Ste 101', 'Mapleton, UT 84664'], 'cross_streets': ''}","{'latitude': 40.123517, 'longitude': -111.598931}","['https://s3-media2.fl.yelpcdn.com/bphoto/tFn-3g1OElL3hpXmLCB6mw/o.jpg', 'https://s3-media1.fl.yelpcdn.com/bphoto/WDB5jHPz_ziF5DdKKXes5w/o.jpg', 'https://s3-media3.fl.yelpcdn.com/bphoto/zil0VoGbh443kcdzSEj-zw/o.jpg']","{'open': [{'is_overnight': False, 'start': '0830', 'end': '1730', 'day': 0}, {'is_overnight': False, 'start': '0830', 'end': '1730', 'day': 1}, {'is_overnight': False, 'start': '0830', 'end': '1730', 'day': 2}, {'is_overnight': False, 'start': '0830', 'end': '1730', 'day': 3}, {'is_overnight': False, 'start': '0830', 'end': '1400', 'day': 4}], 'hours_type': 'REGULAR', 'is_open_now': False}"
chiropractors,Chiropractors,QQBdv_RwGbAeolTRKusXZw,axcess-accident-center-spanish-fork-spanish-fork-2,Axcess Accident Center - Spanish Fork,https://s3-media2.fl.yelpcdn.com/bphoto/Rt6LftxuCzVWFuKIVB-fUQ/o.jpg,True,False,https://www.yelp.com/biz/axcess-accident-center-spanish-fork-spanish-fork-2?adjust_creative=hE8bi2YODO-vfPOp0t5Rkw&utm_campaign=yelp_api_v3&utm_medium=api_v3_business_lookup&utm_source=hE8bi2YODO-vfPOp0t5Rkw,+18019800432,(801) 980-0432,1,5.0,"{'address1': '752 E 800th N', 'address2': None, 'address3': '', 'city': 'Spanish Fork', 'zip_code': '84660', 'country': 'US', 'state': 'UT', 'display_address': ['752 E 800th N', 'Spanish Fork, UT 84660'], 'cross_streets': ''}","{'latitude': 40.1198947588699, 'longitude': -111.641568727791}","['https://s3-media2.fl.yelpcdn.com/bphoto/Rt6LftxuCzVWFuKIVB-fUQ/o.jpg', 'https://s3-media2.fl.yelpcdn.com/bphoto/Iu20EnT70w9l4qtF2Uhqjw/o.jpg', 'https://s3-media2.fl.yelpcdn.com/bphoto/coY31afnRyBNSjTAIOll2g/o.jpg']","{'open': [{'is_overnight': False, 'start': '0900', 'end': '1830', 'day': 0}, {'is_overnight': False, 'start': '1400', 'end': '1800', 'day': 1}, {'is_overnight': False, 'start': '0900', 'end': '1830', 'day': 2}, {'is_overnight': False, 'start': '1400', 'end': '1800', 'day': 3}, {'is_overnight': False, 'start': '0900', 'end': '1830', 'day': 4}], 'hours_type': 'REGULAR', 'is_open_now': True}"
massage_therapy,Massage Therapy,QQBdv_RwGbAeolTRKusXZw,axcess-accident-center-spanish-fork-spanish-fork-2,Axcess Accident Center - Spanish Fork,https://s3-media2.fl.yelpcdn.com/bphoto/Rt6LftxuCzVWFuKIVB-fUQ/o.jpg,True,False,https://www.yelp.com/biz/axcess-accident-center-spanish-fork-spanish-fork-2?adjust_creative=hE8bi2YODO-vfPOp0t5Rkw&utm_campaign=yelp_api_v3&utm_medium=api_v3_business_lookup&utm_source=hE8bi2YODO-vfPOp0t5Rkw,+18019800432,(801) 980-0432,1,5.0,"{'address1': '752 E 800th N', 'address2': None, 'address3': '', 'city': 'Spanish Fork', 'zip_code': '84660', 'country': 'US', 'state': 'UT', 'display_address': ['752 E 800th N', 'Spanish Fork, UT 84660'], 'cross_streets': ''}","{'latitude': 40.1198947588699, 'longitude': -111.641568727791}","['https://s3-media2.fl.yelpcdn.com/bphoto/Rt6LftxuCzVWFuKIVB-fUQ/o.jpg', 'https://s3-media2.fl.yelpcdn.com/bphoto/Iu20EnT70w9l4qtF2Uhqjw/o.jpg', 'https://s3-media2.fl.yelpcdn.com/bphoto/coY31afnRyBNSjTAIOll2g/o.jpg']","{'open': [{'is_overnight': False, 'start': '0900', 'end': '1830', 'day': 0}, {'is_overnight': False, 'start': '1400', 'end': '1800', 'day': 1}, {'is_overnight': False, 'start': '0900', 'end': '1830', 'day': 2}, {'is_overnight': False, 'start': '1400', 'end': '1800', 'day': 3}, {'is_overnight': False, 'start': '0900', 'end': '1830', 'day': 4}], 'hours_type': 'REGULAR', 'is_open_now': True}"
acupuncture,Acupuncture,QQBdv_RwGbAeolTRKusXZw,axcess-accident-center-spanish-fork-spanish-fork-2,Axcess Accident Center - Spanish Fork,https://s3-media2.fl.yelpcdn.com/bphoto/Rt6LftxuCzVWFuKIVB-fUQ/o.jpg,True,False,https://www.yelp.com/biz/axcess-accident-center-spanish-fork-spanish-fork-2?adjust_creative=hE8bi2YODO-vfPOp0t5Rkw&utm_campaign=yelp_api_v3&utm_medium=api_v3_business_lookup&utm_source=hE8bi2YODO-vfPOp0t5Rkw,+18019800432,(801) 980-0432,1,5.0,"{'address1': '752 E 800th N', 'address2': None, 'address3': '', 'city': 'Spanish Fork', 'zip_code': '84660', 'country': 'US', 'state': 'UT', 'display_address': ['752 E 800th N', 'Spanish Fork, UT 84660'], 'cross_streets': ''}","{'latitude': 40.1198947588699, 'longitude': -111.641568727791}","['https://s3-media2.fl.yelpcdn.com/bphoto/Rt6LftxuCzVWFuKIVB-fUQ/o.jpg', 'https://s3-media2.fl.yelpcdn.com/bphoto/Iu20EnT70w9l4qtF2Uhqjw/o.jpg', 'https://s3-media2.fl.yelpcdn.com/bphoto/coY31afnRyBNSjTAIOll2g/o.jpg']","{'open': [{'is_overnight': False, 'start': '0900', 'end': '1830', 'day': 0}, {'is_overnight': False, 'start': '1400', 'end': '1800', 'day': 1}, {'is_overnight': False, 'start': '0900', 'end': '1830', 'day': 2}, {'is_overnight': False, 'start': '1400', 'end': '1800', 'day': 3}, {'is_overnight': False, 'start': '0900', 'end': '1830', 'day': 4}], 'hours_type': 'REGULAR', 'is_open_now': True}"
chiropractors,Chiropractors,3ph9IA9ga7nC26wdBi77cQ,advanced-spinal-care-center-spanish-fork,Advanced Spinal Care Center,https://s3-media1.fl.yelpcdn.com/bphoto/4Fyc9kKsw6CZOP6FOUwsGQ/o.jpg,True,False,https://www.yelp.com/biz/advanced-spinal-care-center-spanish-fork?adjust_creative=hE8bi2YODO-vfPOp0t5Rkw&utm_campaign=yelp_api_v3&utm_medium=api_v3_business_lookup&utm_source=hE8bi2YODO-vfPOp0t5Rkw,+18018233112,(801) 823-3112,3,5.0,"{'address1': '205 N Main St', 'address2': None, 'address3': None, 'city': 'Spanish Fork', 'zip_code': '84660', 'country': 'US', 'state': 'UT', 'display_address': ['205 N Main St', 'Spanish Fork, UT 84660'], 'cross_streets': ''}","{'latitude': 40.1126917948152, 'longitude': -111.655110728836}","['https://s3-media1.fl.yelpcdn.com/bphoto/4Fyc9kKsw6CZOP6FOUwsGQ/o.jpg', 'https://s3-media2.fl.yelpcdn.com/bphoto/yPPKbwyxyPtNgKZ_l9PAsw/o.jpg', 'https://s3-media4.fl.yelpcdn.com/bphoto/2CqmTW61O7nPG0AAPn9CuQ/o.jpg']","{'open': [{'is_overnight': False, 'start': '0800', 'end': '1800', 'day': 0}, {'is_overnight': False, 'start': '1400', 'end': '1800', 'day': 1}, {'is_overnight': False, 'start': '0800', 'end': '1800', 'day': 2}, {'is_overnight': False, 'start': '1400', 'end': '1800', 'day': 3}, {'is_overnight': False, 'start': '0800', 'end': '1100', 'day': 4}], 'hours_type': 'REGULAR', 'is_open_now': True}"
nutritionists,Nutritionists,3ph9IA9ga7nC26wdBi77cQ,advanced-spinal-care-center-spanish-fork,Advanced Spinal Care Center,https://s3-media1.fl.yelpcdn.com/bphoto/4Fyc9kKsw6CZOP6FOUwsGQ/o.jpg,True,False,https://www.yelp.com/biz/advanced-spinal-care-center-spanish-fork?adjust_creative=hE8bi2YODO-vfPOp0t5Rkw&utm_campaign=yelp_api_v3&utm_medium=api_v3_business_lookup&utm_source=hE8bi2YODO-vfPOp0t5Rkw,+18018233112,(801) 823-3112,3,5.0,"{'address1': '205 N Main St', 'address2': None, 'address3': None, 'city': 'Spanish Fork', 'zip_code': '84660', 'country': 'US', 'state': 'UT', 'display_address': ['205 N Main St', 'Spanish Fork, UT 84660'], 'cross_streets': ''}","{'latitude': 40.1126917948152, 'longitude': -111.655110728836}","['https://s3-media1.fl.yelpcdn.com/bphoto/4Fyc9kKsw6CZOP6FOUwsGQ/o.jpg', 'https://s3-media2.fl.yelpcdn.com/bphoto/yPPKbwyxyPtNgKZ_l9PAsw/o.jpg', 'https://s3-media4.fl.yelpcdn.com/bphoto/2CqmTW61O7nPG0AAPn9CuQ/o.jpg']","{'open': [{'is_overnight': False, 'start': '0800', 'end': '1800', 'day': 0}, {'is_overnight': False, 'start': '1400', 'end': '1800', 'day': 1}, {'is_overnight': False, 'start': '0800', 'end': '1800', 'day': 2}, {'is_overnight': False, 'start': '1400', 'end': '1800', 'day': 3}, {'is_overnight': False, 'start': '0800', 'end': '1100', 'day': 4}], 'hours_type': 'REGULAR', 'is_open_now': True}"
massage_therapy,Massage Therapy,3ph9IA9ga7nC26wdBi77cQ,advanced-spinal-care-center-spanish-fork,Advanced Spinal Care Center,https://s3-media1.fl.yelpcdn.com/bphoto/4Fyc9kKsw6CZOP6FOUwsGQ/o.jpg,True,False,https://www.yelp.com/biz/advanced-spinal-care-center-spanish-fork?adjust_creative=hE8bi2YODO-vfPOp0t5Rkw&utm_campaign=yelp_api_v3&utm_medium=api_v3_business_lookup&utm_source=hE8bi2YODO-vfPOp0t5Rkw,+18018233112,(801) 823-3112,3,5.0,"{'address1': '205 N Main St', 'address2': None, 'address3': None, 'city': 'Spanish Fork', 'zip_code': '84660', 'country': 'US', 'state': 'UT', 'display_address': ['205 N Main St', 'Spanish Fork, UT 84660'], 'cross_streets': ''}","{'latitude': 40.1126917948152, 'longitude': -111.655110728836}","['https://s3-media1.fl.yelpcdn.com/bphoto/4Fyc9kKsw6CZOP6FOUwsGQ/o.jpg', 'https://s3-media2.fl.yelpcdn.com/bphoto/yPPKbwyxyPtNgKZ_l9PAsw/o.jpg', 'https://s3-media4.fl.yelpcdn.com/bphoto/2CqmTW61O7nPG0AAPn9CuQ/o.jpg']","{'open': [{'is_overnight': False, 'start': '0800', 'end': '1800', 'day': 0}, {'is_overnight': False, 'start': '1400', 'end': '1800', 'day': 1}, {'is_overnight': False, 'start': '0800', 'end': '1800', 'day': 2}, {'is_overnight': False, 'start': '1400', 'end': '1800', 'day': 3}, {'is_overnight': False, 'start': '0800', 'end': '1100', 'day': 4}], 'hours_type': 'REGULAR', 'is_open_now': True}"
chiropractors,Chiropractors,my33znf0a5MHpl9vr79kWg,valley-chiropractic-and-wellness-spanish-fork,Valley Chiropractic & Wellness,https://s3-media3.fl.yelpcdn.com/bphoto/QZp7VxIrmYl-g-25LcavNQ/o.jpg,True,False,https://www.yelp.com/biz/valley-chiropractic-and-wellness-spanish-fork?adjust_creative=hE8bi2YODO-vfPOp0t5Rkw&utm_campaign=yelp_api_v3&utm_medium=api_v3_business_lookup&utm_source=hE8bi2YODO-vfPOp0t5Rkw,+18018949633,(801) 894-9633,1,5.0,"{'address1': '663 N Main St', 'address2': '', 'address3': '', 'city': 'Spanish Fork', 'zip_code': '84660', 'country': 'US', 'state': 'UT', 'display_address': ['663 N Main St', 'Spanish Fork, UT 84660'], 'cross_streets': ''}","{'latitude': 40.1184065, 'longitude': -111.6548994}","['https://s3-media3.fl.yelpcdn.com/bphoto/QZp7VxIrmYl-g-25LcavNQ/o.jpg', 'https://s3-media4.fl.yelpcdn.com/bphoto/H0Szo7IGGAWYU4_9E9vDJA/o.jpg', 'https://s3-media4.fl.yelpcdn.com/bphoto/OcKo0XuoBDEi2xgk4COU4A/o.jpg']","{'open': [{'is_overnight': False, 'start': '0900', 'end': '1800', 'day': 0}, {'is_overnight': False, 'start': '0900', 'end': '1230', 'day': 1}, {'is_overnight': False, 'start': '0900', 'end': '1800', 'day': 2}, {'is_overnight': False, 'start': '0900', 'end': '1230', 'day': 3}, {'is_overnight': False, 'start': '0900', 'end': '1800', 'day': 4}], 'hours_type': 'REGULAR', 'is_open_now': True}"
chiropractors,Chiropractors,oz3rHkYJf8sO1vHvOmZ-qg,steve-baker-dc-provo,"Steve Baker, DC",https://s3-media4.fl.yelpcdn.com/bphoto/NWar5hCirmj46fh7dKVMyQ/o.jpg,True,False,https://www.yelp.com/biz/steve-baker-dc-provo?adjust_creative=hE8bi2YODO-vfPOp0t5Rkw&utm_campaign=yelp_api_v3&utm_medium=api_v3_business_lookup&utm_source=hE8bi2YODO-vfPOp0t5Rkw,+18012100669,(801) 210-0669,3,5.0,"{'address1': '2230 N University Pkwy', 'address2': 'Bldg 5, Ste A', 'address3': '', 'city': 'Provo', 'zip_code': '84604', 'country': 'US', 'state': 'UT', 'display_address': ['2230 N University Pkwy', 'Bldg 5, Ste A', 'Provo, UT 84604'], 'cross_streets': ''}","{'latitude': 40.26214, 'longitude': -111.66561}","['https://s3-media4.fl.yelpcdn.com/bphoto/NWar5hCirmj46fh7dKVMyQ/o.jpg', 'https://s3-media2.fl.yelpcdn.com/bphoto/pzvK-5LoLL94QR2AhXz8Hw/o.jpg', 'https://s3-media4.fl.yelpcdn.com/bphoto/RVKC4IwQDi9qd0HT1g6rfQ/o.jpg']","{'open': [{'is_overnight': False, 'start': '0900', 'end': '1830', 'day': 0}, {'is_overnight': False, 'start': '1400', 'end': '1800', 'day': 1}, {'is_overnight': False, 'start': '0900', 'end': '1830', 'day': 2}, {'is_overnight': False, 'start': '1400', 'end': '1800', 'day': 3}, {'is_overnight': False, 'start': '0900', 'end': '1830', 'day': 4}], 'hours_type': 'REGULAR', 'is_open_now': True}"
acupuncture,Acupuncture,oz3rHkYJf8sO1vHvOmZ-qg,steve-baker-dc-provo,"Steve Baker, DC",https://s3-media4.fl.yelpcdn.com/bphoto/NWar5hCirmj46fh7dKVMyQ/o.jpg,True,False,https://www.yelp.com/biz/steve-baker-dc-provo?adjust_creative=hE8bi2YODO-vfPOp0t5Rkw&utm_campaign=yelp_api_v3&utm_medium=api_v3_business_lookup&utm_source=hE8bi2YODO-vfPOp0t5Rkw,+18012100669,(801) 210-0669,3,5.0,"{'address1': '2230 N University Pkwy', 'address2': 'Bldg 5, Ste A', 'address3': '', 'city': 'Provo', 'zip_code': '84604', 'country': 'US', 'state': 'UT', 'display_address': ['2230 N University Pkwy', 'Bldg 5, Ste A', 'Provo, UT 84604'], 'cross_streets': ''}","{'latitude': 40.26214, 'longitude': -111.66561}","['https://s3-media4.fl.yelpcdn.com/bphoto/NWar5hCirmj46fh7dKVMyQ/o.jpg', 'https://s3-media2.fl.yelpcdn.com/bphoto/pzvK-5LoLL94QR2AhXz8Hw/o.jpg', 'https://s3-media4.fl.yelpcdn.com/bphoto/RVKC4IwQDi9qd0HT1g6rfQ/o.jpg']","{'open': [{'is_overnight': False, 'start': '0900', 'end': '1830', 'day': 0}, {'is_overnight': False, 'start': '1400', 'end': '1800', 'day': 1}, {'is_overnight': False, 'start': '0900', 'end': '1830', 'day': 2}, {'is_overnight': False, 'start': '1400', 'end': '1800', 'day': 3}, {'is_overnight': False, 'start': '0900', 'end': '1830', 'day': 4}], 'hours_type': 'REGULAR', 'is_open_now': True}"
massage_therapy,Massage Therapy,oz3rHkYJf8sO1vHvOmZ-qg,steve-baker-dc-provo,"Steve Baker, DC",https://s3-media4.fl.yelpcdn.com/bphoto/NWar5hCirmj46fh7dKVMyQ/o.jpg,True,False,https://www.yelp.com/biz/steve-baker-dc-provo?adjust_creative=hE8bi2YODO-vfPOp0t5Rkw&utm_campaign=yelp_api_v3&utm_medium=api_v3_business_lookup&utm_source=hE8bi2YODO-vfPOp0t5Rkw,+18012100669,(801) 210-0669,3,5.0,"{'address1': '2230 N University Pkwy', 'address2': 'Bldg 5, Ste A', 'address3': '', 'city': 'Provo', 'zip_code': '84604', 'country': 'US', 'state': 'UT', 'display_address': ['2230 N University Pkwy', 'Bldg 5, Ste A', 'Provo, UT 84604'], 'cross_streets': ''}","{'latitude': 40.26214, 'longitude': -111.66561}","['https://s3-media4.fl.yelpcdn.com/bphoto/NWar5hCirmj46fh7dKVMyQ/o.jpg', 'https://s3-media2.fl.yelpcdn.com/bphoto/pzvK-5LoLL94QR2AhXz8Hw/o.jpg', 'https://s3-media4.fl.yelpcdn.com/bphoto/RVKC4IwQDi9qd0HT1g6rfQ/o.jpg']","{'open': [{'is_overnight': False, 'start': '0900', 'end': '1830', 'day': 0}, {'is_overnight': False, 'start': '1400', 'end': '1800', 'day': 1}, {'is_overnight': False, 'start': '0900', 'end': '1830', 'day': 2}, {'is_overnight': False, 'start': '1400', 'end': '1800', 'day': 3}, {'is_overnight': False, 'start': '0900', 'end': '1830', 'day': 4}], 'hours_type': 'REGULAR', 'is_open_now': True}"
medcenters,Medical Centers,PY5p2aM83gDbXdhuwYSN0w,hometown-chiropractic-salem-2,Hometown Chiropractic,https://s3-media3.fl.yelpcdn.com/bphoto/HAfgVll3iz7aIBN_OKS5_A/o.jpg,True,False,https://www.yelp.com/biz/hometown-chiropractic-salem-2?adjust_creative=hE8bi2YODO-vfPOp0t5Rkw&utm_campaign=yelp_api_v3&utm_medium=api_v3_business_lookup&utm_source=hE8bi2YODO-vfPOp0t5Rkw,+18015046370,(801) 504-6370,1,5.0,"{'address1': '567 N State Rd 198', 'address2': '', 'address3': None, 'city': 'Salem', 'zip_code': '84653', 'country': 'US', 'state': 'UT', 'display_address': ['567 N State Rd 198', 'Salem, UT 84653'], 'cross_streets': ''}","{'latitude': 40.063189, 'longitude': -111.6686025}","['https://s3-media3.fl.yelpcdn.com/bphoto/HAfgVll3iz7aIBN_OKS5_A/o.jpg', 'https://s3-media4.fl.yelpcdn.com/bphoto/1tXmMlGpP1ivotgWnPUKFg/o.jpg', 'https://s3-media1.fl.yelpcdn.com/bphoto/Tdu0eUznF_Cwcg_Rcxh4_A/o.jpg']","{'open': [{'is_overnight': False, 'start': '0830', 'end': '1730', 'day': 0}, {'is_overnight': False, 'start': '0815', 'end': '1730', 'day': 1}, {'is_overnight': False, 'start': '0830', 'end': '1730', 'day': 2}, {'is_overnight': False, 'start': '0830', 'end': '1730', 'day': 3}, {'is_overnight': False, 'start': '0830', 'end': '1730', 'day': 4}, {'is_overnight': False, 'start': '0800', 'end': '1200', 'day': 5}], 'hours_type': 'REGULAR', 'is_open_now': False}"
chiropractors,Chiropractors,PY5p2aM83gDbXdhuwYSN0w,hometown-chiropractic-salem-2,Hometown Chiropractic,https://s3-media3.fl.yelpcdn.com/bphoto/HAfgVll3iz7aIBN_OKS5_A/o.jpg,True,False,https://www.yelp.com/biz/hometown-chiropractic-salem-2?adjust_creative=hE8bi2YODO-vfPOp0t5Rkw&utm_campaign=yelp_api_v3&utm_medium=api_v3_business_lookup&utm_source=hE8bi2YODO-vfPOp0t5Rkw,+18015046370,(801) 504-6370,1,5.0,"{'address1': '567 N State Rd 198', 'address2': '', 'address3': None, 'city': 'Salem', 'zip_code': '84653', 'country': 'US', 'state': 'UT', 'display_address': ['567 N State Rd 198', 'Salem, UT 84653'], 'cross_streets': ''}","{'latitude': 40.063189, 'longitude': -111.6686025}","['https://s3-media3.fl.yelpcdn.com/bphoto/HAfgVll3iz7aIBN_OKS5_A/o.jpg', 'https://s3-media4.fl.yelpcdn.com/bphoto/1tXmMlGpP1ivotgWnPUKFg/o.jpg', 'https://s3-media1.fl.yelpcdn.com/bphoto/Tdu0eUznF_Cwcg_Rcxh4_A/o.jpg']","{'open': [{'is_overnight': False, 'start': '0830', 'end': '1730', 'day': 0}, {'is_overnight': False, 'start': '0815', 'end': '1730', 'day': 1}, {'is_overnight': False, 'start': '0830', 'end': '1730', 'day': 2}, {'is_overnight': False, 'start': '0830', 'end': '1730', 'day': 3}, {'is_overnight': False, 'start': '0830', 'end': '1730', 'day': 4}, {'is_overnight': False, 'start': '0800', 'end': '1200', 'day': 5}], 'hours_type': 'REGULAR', 'is_open_now': False}"
massage_therapy,Massage Therapy,PY5p2aM83gDbXdhuwYSN0w,hometown-chiropractic-salem-2,Hometown Chiropractic,https://s3-media3.fl.yelpcdn.com/bphoto/HAfgVll3iz7aIBN_OKS5_A/o.jpg,True,False,https://www.yelp.com/biz/hometown-chiropractic-salem-2?adjust_creative=hE8bi2YODO-vfPOp0t5Rkw&utm_campaign=yelp_api_v3&utm_medium=api_v3_business_lookup&utm_source=hE8bi2YODO-vfPOp0t5Rkw,+18015046370,(801) 504-6370,1,5.0,"{'address1': '567 N State Rd 198', 'address2': '', 'address3': None, 'city': 'Salem', 'zip_code': '84653', 'country': 'US', 'state': 'UT', 'display_address': ['567 N State Rd 198', 'Salem, UT 84653'], 'cross_streets': ''}","{'latitude': 40.063189, 'longitude': -111.6686025}","['https://s3-media3.fl.yelpcdn.com/bphoto/HAfgVll3iz7aIBN_OKS5_A/o.jpg', 'https://s3-media4.fl.yelpcdn.com/bphoto/1tXmMlGpP1ivotgWnPUKFg/o.jpg', 'https://s3-media1.fl.yelpcdn.com/bphoto/Tdu0eUznF_Cwcg_Rcxh4_A/o.jpg']","{'open': [{'is_overnight': False, 'start': '0830', 'end': '1730', 'day': 0}, {'is_overnight': False, 'start': '0815', 'end': '1730', 'day': 1}, {'is_overnight': False, 'start': '0830', 'end': '1730', 'day': 2}, {'is_overnight': False, 'start': '0830', 'end': '1730', 'day': 3}, {'is_overnight': False, 'start': '0830', 'end': '1730', 'day': 4}, {'is_overnight': False, 'start': '0800', 'end': '1200', 'day': 5}], 'hours_type': 'REGULAR', 'is_open_now': False}"
chiropractors,Chiropractors,l81cE1E6i-WebSqcyd0B1g,axcess-accident-center-provo-provo-3,Axcess Accident Center- Provo,https://s3-media4.fl.yelpcdn.com/bphoto/vLAAZsJKPhFGQoSFyJ_EEg/o.jpg,True,False,https://www.yelp.com/biz/axcess-accident-center-provo-provo-3?adjust_creative=hE8bi2YODO-vfPOp0t5Rkw&utm_campaign=yelp_api_v3&utm_medium=api_v3_business_lookup&utm_source=hE8bi2YODO-vfPOp0t5Rkw,+18012100669,(801) 210-0669,5,5.0,"{'address1': '2230 N University Pkwy', 'address2': 'Bldg 5 Ste A', 'address3': None, 'city': 'Provo', 'zip_code': '84604', 'country': 'US', 'state': 'UT', 'display_address': ['2230 N University Pkwy', 'Bldg 5 Ste A', 'Provo, UT 84604'], 'cross_streets': ''}","{'latitude': 40.26214, 'longitude': -111.66561}","['https://s3-media4.fl.yelpcdn.com/bphoto/vLAAZsJKPhFGQoSFyJ_EEg/o.jpg', 'https://s3-media4.fl.yelpcdn.com/bphoto/hnAfOC6YlAQZujAhQ4kHdA/o.jpg', 'https://s3-media2.fl.yelpcdn.com/bphoto/47ofYoX5rK9NG-eummWx5Q/o.jpg']","{'open': [{'is_overnight': False, 'start': '0900', 'end': '1830', 'day': 0}, {'is_overnight': False, 'start': '1000', 'end': '1800', 'day': 1}, {'is_overnight': False, 'start': '0900', 'end': '1830', 'day': 2}, {'is_overnight': False, 'start': '1000', 'end': '1800', 'day': 3}, {'is_overnight': False, 'start': '0900', 'end': '1830', 'day': 4}, {'is_overnight': False, 'start': '1000', 'end': '1400', 'day': 5}], 'hours_type': 'REGULAR', 'is_open_now': True}"
acupuncture,Acupuncture,l81cE1E6i-WebSqcyd0B1g,axcess-accident-center-provo-provo-3,Axcess Accident Center- Provo,https://s3-media4.fl.yelpcdn.com/bphoto/vLAAZsJKPhFGQoSFyJ_EEg/o.jpg,True,False,https://www.yelp.com/biz/axcess-accident-center-provo-provo-3?adjust_creative=hE8bi2YODO-vfPOp0t5Rkw&utm_campaign=yelp_api_v3&utm_medium=api_v3_business_lookup&utm_source=hE8bi2YODO-vfPOp0t5Rkw,+18012100669,(801) 210-0669,5,5.0,"{'address1': '2230 N University Pkwy', 'address2': 'Bldg 5 Ste A', 'address3': None, 'city': 'Provo', 'zip_code': '84604', 'country': 'US', 'state': 'UT', 'display_address': ['2230 N University Pkwy', 'Bldg 5 Ste A', 'Provo, UT 84604'], 'cross_streets': ''}","{'latitude': 40.26214, 'longitude': -111.66561}","['https://s3-media4.fl.yelpcdn.com/bphoto/vLAAZsJKPhFGQoSFyJ_EEg/o.jpg', 'https://s3-media4.fl.yelpcdn.com/bphoto/hnAfOC6YlAQZujAhQ4kHdA/o.jpg', 'https://s3-media2.fl.yelpcdn.com/bphoto/47ofYoX5rK9NG-eummWx5Q/o.jpg']","{'open': [{'is_overnight': False, 'start': '0900', 'end': '1830', 'day': 0}, {'is_overnight': False, 'start': '1000', 'end': '1800', 'day': 1}, {'is_overnight': False, 'start': '0900', 'end': '1830', 'day': 2}, {'is_overnight': False, 'start': '1000', 'end': '1800', 'day': 3}, {'is_overnight': False, 'start': '0900', 'end': '1830', 'day': 4}, {'is_overnight': False, 'start': '1000', 'end': '1400', 'day': 5}], 'hours_type': 'REGULAR', 'is_open_now': True}"
massage_therapy,Massage Therapy,l81cE1E6i-WebSqcyd0B1g,axcess-accident-center-provo-provo-3,Axcess Accident Center- Provo,https://s3-media4.fl.yelpcdn.com/bphoto/vLAAZsJKPhFGQoSFyJ_EEg/o.jpg,True,False,https://www.yelp.com/biz/axcess-accident-center-provo-provo-3?adjust_creative=hE8bi2YODO-vfPOp0t5Rkw&utm_campaign=yelp_api_v3&utm_medium=api_v3_business_lookup&utm_source=hE8bi2YODO-vfPOp0t5Rkw,+18012100669,(801) 210-0669,5,5.0,"{'address1': '2230 N University Pkwy', 'address2': 'Bldg 5 Ste A', 'address3': None, 'city': 'Provo', 'zip_code': '84604', 'country': 'US', 'state': 'UT', 'display_address': ['2230 N University Pkwy', 'Bldg 5 Ste A', 'Provo, UT 84604'], 'cross_streets': ''}","{'latitude': 40.26214, 'longitude': -111.66561}","['https://s3-media4.fl.yelpcdn.com/bphoto/vLAAZsJKPhFGQoSFyJ_EEg/o.jpg', 'https://s3-media4.fl.yelpcdn.com/bphoto/hnAfOC6YlAQZujAhQ4kHdA/o.jpg', 'https://s3-media2.fl.yelpcdn.com/bphoto/47ofYoX5rK9NG-eummWx5Q/o.jpg']","{'open': [{'is_overnight': False, 'start': '0900', 'end': '1830', 'day': 0}, {'is_overnight': False, 'start': '1000', 'end': '1800', 'day': 1}, {'is_overnight': False, 'start': '0900', 'end': '1830', 'day': 2}, {'is_overnight': False, 'start': '1000', 'end': '1800', 'day': 3}, {'is_overnight': False, 'start': '0900', 'end': '1830', 'day': 4}, {'is_overnight': False, 'start': '1000', 'end': '1400', 'day': 5}], 'hours_type': 'REGULAR', 'is_open_now': True}"
chiropractors,Chiropractors,xoVb9eWxNny5mJMvXTvtIg,chiropractic-care-and-massage-therapy-provo-3,Chiropractic Care & Massage Therapy,https://s3-media1.fl.yelpcdn.com/bphoto/1FZUWD3fyFjrSOCthCpxSA/o.jpg,False,False,https://www.yelp.com/biz/chiropractic-care-and-massage-therapy-provo-3?adjust_creative=hE8bi2YODO-vfPOp0t5Rkw&utm_campaign=yelp_api_v3&utm_medium=api_v3_business_lookup&utm_source=hE8bi2YODO-vfPOp0t5Rkw,+18013770898,(801) 377-0898,1,5.0,"{'address1': '777 N 500th W', 'address2': 'Ste 205', 'address3': '', 'city': 'Provo', 'zip_code': '84601', 'country': 'US', 'state': 'UT', 'display_address': ['777 N 500th W', 'Ste 205', 'Provo, UT 84601'], 'cross_streets': ''}","{'latitude': 40.24381, 'longitude': -111.66741}",['https://s3-media1.fl.yelpcdn.com/bphoto/1FZUWD3fyFjrSOCthCpxSA/o.jpg'],"{'open': [{'is_overnight': False, 'start': '0900', 'end': '1800', 'day': 0}, {'is_overnight': False, 'start': '0900', 'end': '1800', 'day': 1}, {'is_overnight': False, 'start': '0900', 'end': '1800', 'day': 2}, {'is_overnight': False, 'start': '0900', 'end': '1800', 'day': 3}, {'is_overnight': False, 'start': '0900', 'end': '1800', 'day': 4}], 'hours_type': 'REGULAR', 'is_open_now': True}"
massage_therapy,Massage Therapy,xoVb9eWxNny5mJMvXTvtIg,chiropractic-care-and-massage-therapy-provo-3,Chiropractic Care & Massage Therapy,https://s3-media1.fl.yelpcdn.com/bphoto/1FZUWD3fyFjrSOCthCpxSA/o.jpg,False,False,https://www.yelp.com/biz/chiropractic-care-and-massage-therapy-provo-3?adjust_creative=hE8bi2YODO-vfPOp0t5Rkw&utm_campaign=yelp_api_v3&utm_medium=api_v3_business_lookup&utm_source=hE8bi2YODO-vfPOp0t5Rkw,+18013770898,(801) 377-0898,1,5.0,"{'address1': '777 N 500th W', 'address2': 'Ste 205', 'address3': '', 'city': 'Provo', 'zip_code': '84601', 'country': 'US', 'state': 'UT', 'display_address': ['777 N 500th W', 'Ste 205', 'Provo, UT 84601'], 'cross_streets': ''}","{'latitude': 40.24381, 'longitude': -111.66741}",['https://s3-media1.fl.yelpcdn.com/bphoto/1FZUWD3fyFjrSOCthCpxSA/o.jpg'],"{'open': [{'is_overnight': False, 'start': '0900', 'end': '1800', 'day': 0}, {'is_overnight': False, 'start': '0900', 'end': '1800', 'day': 1}, {'is_overnight': False, 'start': '0900', 'end': '1800', 'day': 2}, {'is_overnight': False, 'start': '0900', 'end': '1800', 'day': 3}, {'is_overnight': False, 'start': '0900', 'end': '1800', 'day': 4}], 'hours_type': 'REGULAR', 'is_open_now': True}"
chiropractors,Chiropractors,JO0Sv1u7IQ1jc0MB46qqKw,align-rehabilitation-and-wellness-provo,Align Rehabilitation & Wellness,https://s3-media1.fl.yelpcdn.com/bphoto/UotrVwj46y6twtYnzEGkgw/o.jpg,True,False,https://www.yelp.com/biz/align-rehabilitation-and-wellness-provo?adjust_creative=hE8bi2YODO-vfPOp0t5Rkw&utm_campaign=yelp_api_v3&utm_medium=api_v3_business_lookup&utm_source=hE8bi2YODO-vfPOp0t5Rkw,+18012359944,(801) 235-9944,3,4.5,"{'address1': '2230 N University Pkwy', 'address2': 'Ste 6B', 'address3': '', 'city': 'Provo', 'zip_code': '84604', 'country': 'US', 'state': 'UT', 'display_address': ['2230 N University Pkwy', 'Ste 6B', 'Provo, UT 84604'], 'cross_streets': ''}","{'latitude': 40.2614288, 'longitude': -111.6645737}","['https://s3-media1.fl.yelpcdn.com/bphoto/UotrVwj46y6twtYnzEGkgw/o.jpg', 'https://s3-media3.fl.yelpcdn.com/bphoto/HC19JM1TshHEJM9y05iAmg/o.jpg']","{'open': [{'is_overnight': False, 'start': '0800', 'end': '1700', 'day': 0}, {'is_overnight': False, 'start': '0800', 'end': '1800', 'day': 2}, {'is_overnight': False, 'start': '0900', 'end': '1800', 'day': 3}, {'is_overnight': False, 'start': '0800', 'end': '1700', 'day': 4}], 'hours_type': 'REGULAR', 'is_open_now': False}"
acupuncture,Acupuncture,SVNXAL2uLExNAQP2gq7Ujg,mcclean-chiropractic-and-injury-rehabilitation-provo-2,McClean Chiropractic & Injury Rehabilitation,https://s3-media2.fl.yelpcdn.com/bphoto/LORhYq1VhPm_0Qpnih3kvw/o.jpg,True,False,https://www.yelp.com/biz/mcclean-chiropractic-and-injury-rehabilitation-provo-2?adjust_creative=hE8bi2YODO-vfPOp0t5Rkw&utm_campaign=yelp_api_v3&utm_medium=api_v3_business_lookup&utm_source=hE8bi2YODO-vfPOp0t5Rkw,+18013731035,(801) 373-1035,10,3.0,"{'address1': '385 N 500th W', 'address2': '', 'address3': '', 'city': 'Provo', 'zip_code': '84601', 'country': 'US', 'state': 'UT', 'display_address': ['385 N 500th W', 'Provo, UT 84601'], 'cross_streets': ''}","{'latitude': 40.23877, 'longitude': -111.66778}","['https://s3-media2.fl.yelpcdn.com/bphoto/LORhYq1VhPm_0Qpnih3kvw/o.jpg', 'https://s3-media2.fl.yelpcdn.com/bphoto/0X49Nc1yO9kP3dhr7icIlg/o.jpg', 'https://s3-media2.fl.yelpcdn.com/bphoto/yNSQsHHmthEWsNlte5fP4A/o.jpg']","{'open': [{'is_overnight': False, 'start': '0800', 'end': '1830', 'day': 0}, {'is_overnight': False, 'start': '0800', 'end': '1700', 'day': 1}, {'is_overnight': False, 'start': '0800', 'end': '1830', 'day': 2}, {'is_overnight': False, 'start': '0800', 'end': '1830', 'day': 4}], 'hours_type': 'REGULAR', 'is_open_now': True}"
chiropractors,Chiropractors,SVNXAL2uLExNAQP2gq7Ujg,mcclean-chiropractic-and-injury-rehabilitation-provo-2,McClean Chiropractic & Injury Rehabilitation,https://s3-media2.fl.yelpcdn.com/bphoto/LORhYq1VhPm_0Qpnih3kvw/o.jpg,True,False,https://www.yelp.com/biz/mcclean-chiropractic-and-injury-rehabilitation-provo-2?adjust_creative=hE8bi2YODO-vfPOp0t5Rkw&utm_campaign=yelp_api_v3&utm_medium=api_v3_business_lookup&utm_source=hE8bi2YODO-vfPOp0t5Rkw,+18013731035,(801) 373-1035,10,3.0,"{'address1': '385 N 500th W', 'address2': '', 'address3': '', 'city': 'Provo', 'zip_code': '84601', 'country': 'US', 'state': 'UT', 'display_address': ['385 N 500th W', 'Provo, UT 84601'], 'cross_streets': ''}","{'latitude': 40.23877, 'longitude': -111.66778}","['https://s3-media2.fl.yelpcdn.com/bphoto/LORhYq1VhPm_0Qpnih3kvw/o.jpg', 'https://s3-media2.fl.yelpcdn.com/bphoto/0X49Nc1yO9kP3dhr7icIlg/o.jpg', 'https://s3-media2.fl.yelpcdn.com/bphoto/yNSQsHHmthEWsNlte5fP4A/o.jpg']","{'open': [{'is_overnight': False, 'start': '0800', 'end': '1830', 'day': 0}, {'is_overnight': False, 'start': '0800', 'end': '1700', 'day': 1}, {'is_overnight': False, 'start': '0800', 'end': '1830', 'day': 2}, {'is_overnight': False, 'start': '0800', 'end': '1830', 'day': 4}], 'hours_type': 'REGULAR', 'is_open_now': True}"
massage_therapy,Massage Therapy,SVNXAL2uLExNAQP2gq7Ujg,mcclean-chiropractic-and-injury-rehabilitation-provo-2,McClean Chiropractic & Injury Rehabilitation,https://s3-media2.fl.yelpcdn.com/bphoto/LORhYq1VhPm_0Qpnih3kvw/o.jpg,True,False,https://www.yelp.com/biz/mcclean-chiropractic-and-injury-rehabilitation-provo-2?adjust_creative=hE8bi2YODO-vfPOp0t5Rkw&utm_campaign=yelp_api_v3&utm_medium=api_v3_business_lookup&utm_source=hE8bi2YODO-vfPOp0t5Rkw,+18013731035,(801) 373-1035,10,3.0,"{'address1': '385 N 500th W', 'address2': '', 'address3': '', 'city': 'Provo', 'zip_code': '84601', 'country': 'US', 'state': 'UT', 'display_address': ['385 N 500th W', 'Provo, UT 84601'], 'cross_streets': ''}","{'latitude': 40.23877, 'longitude': -111.66778}","['https://s3-media2.fl.yelpcdn.com/bphoto/LORhYq1VhPm_0Qpnih3kvw/o.jpg', 'https://s3-media2.fl.yelpcdn.com/bphoto/0X49Nc1yO9kP3dhr7icIlg/o.jpg', 'https://s3-media2.fl.yelpcdn.com/bphoto/yNSQsHHmthEWsNlte5fP4A/o.jpg']","{'open': [{'is_overnight': False, 'start': '0800', 'end': '1830', 'day': 0}, {'is_overnight': False, 'start': '0800', 'end': '1700', 'day': 1}, {'is_overnight': False, 'start': '0800', 'end': '1830', 'day': 2}, {'is_overnight': False, 'start': '0800', 'end': '1830', 'day': 4}], 'hours_type': 'REGULAR', 'is_open_now': True}"
chiropractors,Chiropractors,vv9QETtiLKOVPJxpuv5jtg,santaquin-chiropractic-santaquin-2,Santaquin Chiropractic,https://s3-media1.fl.yelpcdn.com/bphoto/210ywp0UfV_E3cukZW1u7A/o.jpg,True,False,https://www.yelp.com/biz/santaquin-chiropractic-santaquin-2?adjust_creative=hE8bi2YODO-vfPOp0t5Rkw&utm_campaign=yelp_api_v3&utm_medium=api_v3_business_lookup&utm_source=hE8bi2YODO-vfPOp0t5Rkw,+18016097291,(801) 609-7291,2,5.0,"{'address1': '27 W Main St', 'address2': None, 'address3': '', 'city': 'Santaquin', 'zip_code': '84655', 'country': 'US', 'state': 'UT', 'display_address': ['27 W Main St', 'Santaquin, UT 84655'], 'cross_streets': ''}","{'latitude': 39.97543, 'longitude': -111.78598}",['https://s3-media1.fl.yelpcdn.com/bphoto/210ywp0UfV_E3cukZW1u7A/o.jpg'],"{'open': [{'is_overnight': False, 'start': '0800', 'end': '1800', 'day': 0}, {'is_overnight': False, 'start': '0800', 'end': '1800', 'day': 1}, {'is_overnight': False, 'start': '0800', 'end': '1800', 'day': 2}, {'is_overnight': False, 'start': '0800', 'end': '1800', 'day': 3}, {'is_overnight': False, 'start': '0800', 'end': '1800', 'day': 4}], 'hours_type': 'REGULAR', 'is_open_now': True}"
chiropractors,Chiropractors,JtRA2NpIkVdNSBFI7WFJOA,cascade-spinal-rehab-center-provo,Cascade Spinal Rehab Center,https://s3-media3.fl.yelpcdn.com/bphoto/Whq6b0q0PDoLtK2_Nk6VHg/o.jpg,True,False,https://www.yelp.com/biz/cascade-spinal-rehab-center-provo?adjust_creative=hE8bi2YODO-vfPOp0t5Rkw&utm_campaign=yelp_api_v3&utm_medium=api_v3_business_lookup&utm_source=hE8bi2YODO-vfPOp0t5Rkw,+18012359977,(801) 235-9977,3,5.0,"{'address1': '75 S 200th E', 'address2': None, 'address3': None, 'city': 'Provo', 'zip_code': '84606', 'country': 'US', 'state': 'UT', 'display_address': ['75 S 200th E', 'Provo, UT 84606'], 'cross_streets': ''}","{'latitude': 40.232829, 'longitude': -111.654922}","['https://s3-media3.fl.yelpcdn.com/bphoto/Whq6b0q0PDoLtK2_Nk6VHg/o.jpg', 'https://s3-media1.fl.yelpcdn.com/bphoto/C23Ub8Deqj_i53wm4r4OWQ/o.jpg', 'https://s3-media2.fl.yelpcdn.com/bphoto/ZRiNZrU2Ng9ZkodldiEBIg/o.jpg']","{'open': [{'is_overnight': False, 'start': '0900', 'end': '1230', 'day': 0}, {'is_overnight': False, 'start': '1400', 'end': '1800', 'day': 0}, {'is_overnight': False, 'start': '1400', 'end': '1800', 'day': 1}, {'is_overnight': False, 'start': '0900', 'end': '1230', 'day': 2}, {'is_overnight': False, 'start': '1400', 'end': '1800', 'day': 2}, {'is_overnight': False, 'start': '1400', 'end': '1800', 'day': 3}, {'is_overnight': False, 'start': '0900', 'end': '1230', 'day': 4}, {'is_overnight': False, 'start': '1400', 'end': '1800', 'day': 4}], 'hours_type': 'REGULAR', 'is_open_now': True}"
massage_therapy,Massage Therapy,JtRA2NpIkVdNSBFI7WFJOA,cascade-spinal-rehab-center-provo,Cascade Spinal Rehab Center,https://s3-media3.fl.yelpcdn.com/bphoto/Whq6b0q0PDoLtK2_Nk6VHg/o.jpg,True,False,https://www.yelp.com/biz/cascade-spinal-rehab-center-provo?adjust_creative=hE8bi2YODO-vfPOp0t5Rkw&utm_campaign=yelp_api_v3&utm_medium=api_v3_business_lookup&utm_source=hE8bi2YODO-vfPOp0t5Rkw,+18012359977,(801) 235-9977,3,5.0,"{'address1': '75 S 200th E', 'address2': None, 'address3': None, 'city': 'Provo', 'zip_code': '84606', 'country': 'US', 'state': 'UT', 'display_address': ['75 S 200th E', 'Provo, UT 84606'], 'cross_streets': ''}","{'latitude': 40.232829, 'longitude': -111.654922}","['https://s3-media3.fl.yelpcdn.com/bphoto/Whq6b0q0PDoLtK2_Nk6VHg/o.jpg', 'https://s3-media1.fl.yelpcdn.com/bphoto/C23Ub8Deqj_i53wm4r4OWQ/o.jpg', 'https://s3-media2.fl.yelpcdn.com/bphoto/ZRiNZrU2Ng9ZkodldiEBIg/o.jpg']","{'open': [{'is_overnight': False, 'start': '0900', 'end': '1230', 'day': 0}, {'is_overnight': False, 'start': '1400', 'end': '1800', 'day': 0}, {'is_overnight': False, 'start': '1400', 'end': '1800', 'day': 1}, {'is_overnight': False, 'start': '0900', 'end': '1230', 'day': 2}, {'is_overnight': False, 'start': '1400', 'end': '1800', 'day': 2}, {'is_overnight': False, 'start': '1400', 'end': '1800', 'day': 3}, {'is_overnight': False, 'start': '0900', 'end': '1230', 'day': 4}, {'is_overnight': False, 'start': '1400', 'end': '1800', 'day': 4}], 'hours_type': 'REGULAR', 'is_open_now': True}"
chiropractors,Chiropractors,nS9f7tzrWTNqosdJP4TNUA,provo-sports-and-family-chiropractic-provo,Provo Sports and Family Chiropractic,https://s3-media1.fl.yelpcdn.com/bphoto/QJt585KebX6q1y3nBvCahA/o.jpg,True,False,https://www.yelp.com/biz/provo-sports-and-family-chiropractic-provo?adjust_creative=hE8bi2YODO-vfPOp0t5Rkw&utm_campaign=yelp_api_v3&utm_medium=api_v3_business_lookup&utm_source=hE8bi2YODO-vfPOp0t5Rkw,+18013752420,(801) 375-2420,2,3.5,"{'address1': '777 N 500th W', 'address2': '', 'address3': '', 'city': 'Provo', 'zip_code': '84601', 'country': 'US', 'state': 'UT', 'display_address': ['777 N 500th W', 'Provo, UT 84601'], 'cross_streets': ''}","{'latitude': 40.243902, 'longitude': -111.6682277}","['https://s3-media1.fl.yelpcdn.com/bphoto/QJt585KebX6q1y3nBvCahA/o.jpg', 'https://s3-media2.fl.yelpcdn.com/bphoto/rql961hDwgE1BchFnmK5Iw/o.jpg', 'https://s3-media3.fl.yelpcdn.com/bphoto/1-nXFSMDRl0umjSFbHu_3Q/o.jpg']","{'open': [{'is_overnight': False, 'start': '0900', 'end': '1800', 'day': 0}, {'is_overnight': False, 'start': '0900', 'end': '1800', 'day': 1}, {'is_overnight': False, 'start': '1200', 'end': '1600', 'day': 2}, {'is_overnight': False, 'start': '0900', 'end': '1800', 'day': 3}], 'hours_type': 'REGULAR', 'is_open_now': True}"
chiropractors,Chiropractors,nr5D7NncRm4msFkyfOXuEA,excel-chiropractic-payson,Excel Chiropractic,https://s3-media1.fl.yelpcdn.com/bphoto/t4TBqtiixV5C3ExQMmUSZw/o.jpg,True,False,https://www.yelp.com/biz/excel-chiropractic-payson?adjust_creative=hE8bi2YODO-vfPOp0t5Rkw&utm_campaign=yelp_api_v3&utm_medium=api_v3_business_lookup&utm_source=hE8bi2YODO-vfPOp0t5Rkw,+13854045489,(385) 404-5489,1,5.0,"{'address1': '814 S 1040th W', 'address2': None, 'address3': '', 'city': 'Payson', 'zip_code': '84651', 'country': 'US', 'state': 'UT', 'display_address': ['814 S 1040th W', 'Payson, UT 84651'], 'cross_streets': ''}","{'latitude': 40.030994020797486, 'longitude': -111.750988331596}","['https://s3-media1.fl.yelpcdn.com/bphoto/t4TBqtiixV5C3ExQMmUSZw/o.jpg', 'https://s3-media4.fl.yelpcdn.com/bphoto/HtNZgFJGxJHvLcHjN9Pauw/o.jpg', 'https://s3-media1.fl.yelpcdn.com/bphoto/3RrvdQlexXpNDcjtj1X4mw/o.jpg']","{'open': [{'is_overnight': False, 'start': '0900', 'end': '1800', 'day': 0}, {'is_overnight': False, 'start': '1300', 'end': '1700', 'day': 1}, {'is_overnight': False, 'start': '0900', 'end': '1800', 'day': 2}, {'is_overnight': False, 'start': '1300', 'end': '1700', 'day': 3}, {'is_overnight': False, 'start': '0800', 'end': '1700', 'day': 4}], 'hours_type': 'REGULAR', 'is_open_now': True}"
massage_therapy,Massage Therapy,nr5D7NncRm4msFkyfOXuEA,excel-chiropractic-payson,Excel Chiropractic,https://s3-media1.fl.yelpcdn.com/bphoto/t4TBqtiixV5C3ExQMmUSZw/o.jpg,True,False,https://www.yelp.com/biz/excel-chiropractic-payson?adjust_creative=hE8bi2YODO-vfPOp0t5Rkw&utm_campaign=yelp_api_v3&utm_medium=api_v3_business_lookup&utm_source=hE8bi2YODO-vfPOp0t5Rkw,+13854045489,(385) 404-5489,1,5.0,"{'address1': '814 S 1040th W', 'address2': None, 'address3': '', 'city': 'Payson', 'zip_code': '84651', 'country': 'US', 'state': 'UT', 'display_address': ['814 S 1040th W', 'Payson, UT 84651'], 'cross_streets': ''}","{'latitude': 40.030994020797486, 'longitude': -111.750988331596}","['https://s3-media1.fl.yelpcdn.com/bphoto/t4TBqtiixV5C3ExQMmUSZw/o.jpg', 'https://s3-media4.fl.yelpcdn.com/bphoto/HtNZgFJGxJHvLcHjN9Pauw/o.jpg', 'https://s3-media1.fl.yelpcdn.com/bphoto/3RrvdQlexXpNDcjtj1X4mw/o.jpg']","{'open': [{'is_overnight': False, 'start': '0900', 'end': '1800', 'day': 0}, {'is_overnight': False, 'start': '1300', 'end': '1700', 'day': 1}, {'is_overnight': False, 'start': '0900', 'end': '1800', 'day': 2}, {'is_overnight': False, 'start': '1300', 'end': '1700', 'day': 3}, {'is_overnight': False, 'start': '0800', 'end': '1700', 'day': 4}], 'hours_type': 'REGULAR', 'is_open_now': True}"
acupuncture,Acupuncture,nr5D7NncRm4msFkyfOXuEA,excel-chiropractic-payson,Excel Chiropractic,https://s3-media1.fl.yelpcdn.com/bphoto/t4TBqtiixV5C3ExQMmUSZw/o.jpg,True,False,https://www.yelp.com/biz/excel-chiropractic-payson?adjust_creative=hE8bi2YODO-vfPOp0t5Rkw&utm_campaign=yelp_api_v3&utm_medium=api_v3_business_lookup&utm_source=hE8bi2YODO-vfPOp0t5Rkw,+13854045489,(385) 404-5489,1,5.0,"{'address1': '814 S 1040th W', 'address2': None, 'address3': '', 'city': 'Payson', 'zip_code': '84651', 'country': 'US', 'state': 'UT', 'display_address': ['814 S 1040th W', 'Payson, UT 84651'], 'cross_streets': ''}","{'latitude': 40.030994020797486, 'longitude': -111.750988331596}","['https://s3-media1.fl.yelpcdn.com/bphoto/t4TBqtiixV5C3ExQMmUSZw/o.jpg', 'https://s3-media4.fl.yelpcdn.com/bphoto/HtNZgFJGxJHvLcHjN9Pauw/o.jpg', 'https://s3-media1.fl.yelpcdn.com/bphoto/3RrvdQlexXpNDcjtj1X4mw/o.jpg']","{'open': [{'is_overnight': False, 'start': '0900', 'end': '1800', 'day': 0}, {'is_overnight': False, 'start': '1300', 'end': '1700', 'day': 1}, {'is_overnight': False, 'start': '0900', 'end': '1800', 'day': 2}, {'is_overnight': False, 'start': '1300', 'end': '1700', 'day': 3}, {'is_overnight': False, 'start': '0800', 'end': '1700', 'day': 4}], 'hours_type': 'REGULAR', 'is_open_now': True}"
chiropractors,Chiropractors,Y6A9uP7Nm-9zjmTza5yLSw,uintah-spinal-health-provo,Uintah Spinal Health,https://s3-media4.fl.yelpcdn.com/bphoto/ucLSWLyYWJ24AegmtEoC0w/o.jpg,True,False,https://www.yelp.com/biz/uintah-spinal-health-provo?adjust_creative=hE8bi2YODO-vfPOp0t5Rkw&utm_campaign=yelp_api_v3&utm_medium=api_v3_business_lookup&utm_source=hE8bi2YODO-vfPOp0t5Rkw,+18012359944,(801) 235-9944,1,5.0,"{'address1': '2230 N University Pkwy', 'address2': 'Ste 6B', 'address3': '', 'city': 'Provo', 'zip_code': '84604', 'country': 'US', 'state': 'UT', 'display_address': ['2230 N University Pkwy', 'Ste 6B', 'Provo, UT 84604'], 'cross_streets': ''}","{'latitude': 40.262415, 'longitude': -111.665437}","['https://s3-media4.fl.yelpcdn.com/bphoto/ucLSWLyYWJ24AegmtEoC0w/o.jpg', 'https://s3-media2.fl.yelpcdn.com/bphoto/ukcTRS8Ckj4gL6lOS82r-Q/o.jpg', 'https://s3-media4.fl.yelpcdn.com/bphoto/tEiEdCGHKrUBq9HawhRKKg/o.jpg']","{'open': [{'is_overnight': False, 'start': '0800', 'end': '1800', 'day': 0}, {'is_overnight': False, 'start': '0800', 'end': '1800', 'day': 2}, {'is_overnight': False, 'start': '0800', 'end': '1200', 'day': 3}, {'is_overnight': False, 'start': '0800', 'end': '1800', 'day': 4}], 'hours_type': 'REGULAR', 'is_open_now': True}"
chiropractors,Chiropractors,5TSy9uZVgkZNGLvpnWwgTw,spinal-rehab-specialists-orem-4,Spinal Rehab Specialists,https://s3-media1.fl.yelpcdn.com/bphoto/XGdqaqJR0zeKasU_2fCj3A/o.jpg,True,False,https://www.yelp.com/biz/spinal-rehab-specialists-orem-4?adjust_creative=hE8bi2YODO-vfPOp0t5Rkw&utm_campaign=yelp_api_v3&utm_medium=api_v3_business_lookup&utm_source=hE8bi2YODO-vfPOp0t5Rkw,+18012212999,(801) 221-2999,2,5.0,"{'address1': '1704 S State St', 'address2': None, 'address3': '', 'city': 'Orem', 'zip_code': '84097', 'country': 'US', 'state': 'UT', 'display_address': ['1704 S State St', 'Orem, UT 84097'], 'cross_streets': ''}","{'latitude': 40.2658792, 'longitude': -111.6816682}","['https://s3-media1.fl.yelpcdn.com/bphoto/XGdqaqJR0zeKasU_2fCj3A/o.jpg', 'https://s3-media1.fl.yelpcdn.com/bphoto/il2Y7gKrs-vDfsSnCAvdUg/o.jpg', 'https://s3-media3.fl.yelpcdn.com/bphoto/iaQzl8CBSiNxLZIPpIgR3g/o.jpg']","{'open': [{'is_overnight': False, 'start': '0900', 'end': '1200', 'day': 0}, {'is_overnight': False, 'start': '1500', 'end': '1830', 'day': 0}, {'is_overnight': False, 'start': '0900', 'end': '1200', 'day': 2}, {'is_overnight': False, 'start': '1500', 'end': '1830', 'day': 2}, {'is_overnight': False, 'start': '0900', 'end': '1200', 'day': 4}, {'is_overnight': False, 'start': '1500', 'end': '1830', 'day': 4}], 'hours_type': 'REGULAR', 'is_open_now': True}"
massage_therapy,Massage Therapy,5TSy9uZVgkZNGLvpnWwgTw,spinal-rehab-specialists-orem-4,Spinal Rehab Specialists,https://s3-media1.fl.yelpcdn.com/bphoto/XGdqaqJR0zeKasU_2fCj3A/o.jpg,True,False,https://www.yelp.com/biz/spinal-rehab-specialists-orem-4?adjust_creative=hE8bi2YODO-vfPOp0t5Rkw&utm_campaign=yelp_api_v3&utm_medium=api_v3_business_lookup&utm_source=hE8bi2YODO-vfPOp0t5Rkw,+18012212999,(801) 221-2999,2,5.0,"{'address1': '1704 S State St', 'address2': None, 'address3': '', 'city': 'Orem', 'zip_code': '84097', 'country': 'US', 'state': 'UT', 'display_address': ['1704 S State St', 'Orem, UT 84097'], 'cross_streets': ''}","{'latitude': 40.2658792, 'longitude': -111.6816682}","['https://s3-media1.fl.yelpcdn.com/bphoto/XGdqaqJR0zeKasU_2fCj3A/o.jpg', 'https://s3-media1.fl.yelpcdn.com/bphoto/il2Y7gKrs-vDfsSnCAvdUg/o.jpg', 'https://s3-media3.fl.yelpcdn.com/bphoto/iaQzl8CBSiNxLZIPpIgR3g/o.jpg']","{'open': [{'is_overnight': False, 'start': '0900', 'end': '1200', 'day': 0}, {'is_overnight': False, 'start': '1500', 'end': '1830', 'day': 0}, {'is_overnight': False, 'start': '0900', 'end': '1200', 'day': 2}, {'is_overnight': False, 'start': '1500', 'end': '1830', 'day': 2}, {'is_overnight': False, 'start': '0900', 'end': '1200', 'day': 4}, {'is_overnight': False, 'start': '1500', 'end': '1830', 'day': 4}], 'hours_type': 'REGULAR', 'is_open_now': True}"
physicaltherapy,Physical Therapy,5TSy9uZVgkZNGLvpnWwgTw,spinal-rehab-specialists-orem-4,Spinal Rehab Specialists,https://s3-media1.fl.yelpcdn.com/bphoto/XGdqaqJR0zeKasU_2fCj3A/o.jpg,True,False,https://www.yelp.com/biz/spinal-rehab-specialists-orem-4?adjust_creative=hE8bi2YODO-vfPOp0t5Rkw&utm_campaign=yelp_api_v3&utm_medium=api_v3_business_lookup&utm_source=hE8bi2YODO-vfPOp0t5Rkw,+18012212999,(801) 221-2999,2,5.0,"{'address1': '1704 S State St', 'address2': None, 'address3': '', 'city': 'Orem', 'zip_code': '84097', 'country': 'US', 'state': 'UT', 'display_address': ['1704 S State St', 'Orem, UT 84097'], 'cross_streets': ''}","{'latitude': 40.2658792, 'longitude': -111.6816682}","['https://s3-media1.fl.yelpcdn.com/bphoto/XGdqaqJR0zeKasU_2fCj3A/o.jpg', 'https://s3-media1.fl.yelpcdn.com/bphoto/il2Y7gKrs-vDfsSnCAvdUg/o.jpg', 'https://s3-media3.fl.yelpcdn.com/bphoto/iaQzl8CBSiNxLZIPpIgR3g/o.jpg']","{'open': [{'is_overnight': False, 'start': '0900', 'end': '1200', 'day': 0}, {'is_overnight': False, 'start': '1500', 'end': '1830', 'day': 0}, {'is_overnight': False, 'start': '0900', 'end': '1200', 'day': 2}, {'is_overnight': False, 'start': '1500', 'end': '1830', 'day': 2}, {'is_overnight': False, 'start': '0900', 'end': '1200', 'day': 4}, {'is_overnight': False, 'start': '1500', 'end': '1830', 'day': 4}], 'hours_type': 'REGULAR', 'is_open_now': True}"
massage_therapy,Massage Therapy,J3jUM9EG21XKqolGPlBXfg,canyon-gate-massage-therapy-and-wellness-orem,Canyon Gate Massage Therapy & Wellness,https://s3-media3.fl.yelpcdn.com/bphoto/9glGMJvwQw31SmQdFg1yPQ/o.jpg,True,False,https://www.yelp.com/biz/canyon-gate-massage-therapy-and-wellness-orem?adjust_creative=hE8bi2YODO-vfPOp0t5Rkw&utm_campaign=yelp_api_v3&utm_medium=api_v3_business_lookup&utm_source=hE8bi2YODO-vfPOp0t5Rkw,+18016138025,(801) 613-8025,4,4.5,"{'address1': '1145 E 800 N', 'address2': None, 'address3': '', 'city': 'Orem', 'zip_code': '84059', 'country': 'US', 'state': 'UT', 'display_address': ['1145 E 800 N', 'Orem, UT 84059'], 'cross_streets': ''}","{'latitude': 40.31238, 'longitude': -111.66865}","['https://s3-media3.fl.yelpcdn.com/bphoto/9glGMJvwQw31SmQdFg1yPQ/o.jpg', 'https://s3-media4.fl.yelpcdn.com/bphoto/zuEYiJ1G3TtU_wlCgXOYcA/o.jpg', 'https://s3-media1.fl.yelpcdn.com/bphoto/PAyGsEvG6spfhUxjDDMUyA/o.jpg']","{'open': [{'is_overnight': False, 'start': '0900', 'end': '2100', 'day': 0}, {'is_overnight': False, 'start': '0900', 'end': '2100', 'day': 1}, {'is_overnight': False, 'start': '0900', 'end': '2100', 'day': 2}, {'is_overnight': False, 'start': '0900', 'end': '2100', 'day': 3}, {'is_overnight': False, 'start': '0900', 'end': '2100', 'day': 4}, {'is_overnight': False, 'start': '0900', 'end': '2100', 'day': 5}, {'is_overnight': False, 'start': '1200', 'end': '1800', 'day': 6}], 'hours_type': 'REGULAR', 'is_open_now': True}"
massage,Massage,J3jUM9EG21XKqolGPlBXfg,canyon-gate-massage-therapy-and-wellness-orem,Canyon Gate Massage Therapy & Wellness,https://s3-media3.fl.yelpcdn.com/bphoto/9glGMJvwQw31SmQdFg1yPQ/o.jpg,True,False,https://www.yelp.com/biz/canyon-gate-massage-therapy-and-wellness-orem?adjust_creative=hE8bi2YODO-vfPOp0t5Rkw&utm_campaign=yelp_api_v3&utm_medium=api_v3_business_lookup&utm_source=hE8bi2YODO-vfPOp0t5Rkw,+18016138025,(801) 613-8025,4,4.5,"{'address1': '1145 E 800 N', 'address2': None, 'address3': '', 'city': 'Orem', 'zip_code': '84059', 'country': 'US', 'state': 'UT', 'display_address': ['1145 E 800 N', 'Orem, UT 84059'], 'cross_streets': ''}","{'latitude': 40.31238, 'longitude': -111.66865}","['https://s3-media3.fl.yelpcdn.com/bphoto/9glGMJvwQw31SmQdFg1yPQ/o.jpg', 'https://s3-media4.fl.yelpcdn.com/bphoto/zuEYiJ1G3TtU_wlCgXOYcA/o.jpg', 'https://s3-media1.fl.yelpcdn.com/bphoto/PAyGsEvG6spfhUxjDDMUyA/o.jpg']","{'open': [{'is_overnight': False, 'start': '0900', 'end': '2100', 'day': 0}, {'is_overnight': False, 'start': '0900', 'end': '2100', 'day': 1}, {'is_overnight': False, 'start': '0900', 'end': '2100', 'day': 2}, {'is_overnight': False, 'start': '0900', 'end': '2100', 'day': 3}, {'is_overnight': False, 'start': '0900', 'end': '2100', 'day': 4}, {'is_overnight': False, 'start': '0900', 'end': '2100', 'day': 5}, {'is_overnight': False, 'start': '1200', 'end': '1800', 'day': 6}], 'hours_type': 'REGULAR', 'is_open_now': True}"
